datapoint_id,roi_id,old_roi_id,equi_id,equi_zone,official_split,label_type,proj_shape,clear_percentage,thin_percentage,thick_percentage,cloud_shadow_percentage,coverage_bin,source_part,source_url,source_begin,source_length
ROI_12109__20191113T175559_20191113T175721_T13SBD,ROI_12109,ROI_0008,NA5120_E1447N0687,NA,train,high,2000,9,3,76,12,"(50,100%]",cloudsen12-l2a.0003.part.taco,https://huggingface.co/datasets/tacofoundation/cloudsen12/resolve/f9490f7de11b4f387f72ef800e73ccbb754711de/cloudsen12-l2a.0003.part.taco,1366157238,28853215
ROI_12129__20181015T095029_20181015T095902_T33TVE,ROI_12129,ROI_0028,EU5120_E0980N0147,EU,train,high,2000,10,16,54,20,"(50,100%]",cloudsen12-l2a.0003.part.taco,https://huggingface.co/datasets/tacofoundation/cloudsen12/resolve/f9490f7de11b4f387f72ef800e73ccbb754711de/cloudsen12-l2a.0003.part.taco,223413388,18991282
ROI_12130__20180724T112109_20180724T112335_T30UUC,ROI_12130,ROI_0029,EU5120_E0755N0462,EU,train,high,2000,58,7,35,0,"(10,50%]",cloudsen12-l2a.0002.part.taco,https://huggingface.co/datasets/tacofoundation/cloudsen12/resolve/f9490f7de11b4f387f72ef800e73ccbb754711de/cloudsen12-l2a.0002.part.taco,15739338063,16735025
ROI_12169__20190716T051701_20190716T052227_T44QKK,ROI_12169,ROI_0068,AS5120_E0528N0433,AS,train,high,2000,82,0,12,6,"(10,50%]",cloudsen12-l2a.0003.part.taco,https://huggingface.co/datasets/tacofoundation/cloudsen12/resolve/f9490f7de11b4f387f72ef800e73ccbb754711de/cloudsen12-l2a.0003.part.taco,858647125,28997132
ROI_12221__20180131T082149_20180131T082656_T37TBE,ROI_12221,ROI_0120,EU5120_E1353N0146,EU,train,high,2000,23,0,52,25,"(50,100%]",cloudsen12-l2a.0002.part.taco,https://huggingface.co/datasets/tacofoundation/cloudsen12/resolve/f9490f7de11b4f387f72ef800e73ccbb754711de/cloudsen12-l2a.0002.part.taco,18875743151,27448654
ROI_12223__20220620T102041_20220620T102035_T32TLQ,ROI_12223,ROI_0122,EU5120_E0887N0267,EU,train,high,2000,98,2,0,0,"(0,10%]",cloudsen12-l2a.0000.part.taco,https://huggingface.co/datasets/tacofoundation/cloudsen12/resolve/f9490f7de11b4f387f72ef800e73ccbb754711de/cloudsen12-l2a.0000.part.taco,3947145960,29348543
ROI_12226__20190304T085841_20190304T091637_T32KRE,ROI_12226,ROI_0125,AF5120_E0907N0580,AF,train,high,2000,100,0,0,0,0%,cloudsen12-l2a.0002.part.taco,https://huggingface.co/datasets/tacofoundation/cloudsen12/resolve/f9490f7de11b4f387f72ef800e73ccbb754711de/cloudsen12-l2a.0002.part.taco,15957953333,26299501
ROI_12243__20200109T143719_20200109T144550_T20LKM,ROI_12243,ROI_0142,SA5120_E1325N1133,SA,train,high,2000,56,1,37,6,"(10,50%]",cloudsen12-l2a.0002.part.taco,https://huggingface.co/datasets/tacofoundation/cloudsen12/resolve/f9490f7de11b4f387f72ef800e73ccbb754711de/cloudsen12-l2a.0002.part.taco,15855118663,22836055
ROI_12262__20190305T135111_20190305T135559_T21HUA,ROI_12262,ROI_0161,SA5120_E1448N0624,SA,train,high,2000,67,33,0,0,"(10,50%]",cloudsen12-l2a.0000.part.taco,https://huggingface.co/datasets/tacofoundation/cloudsen12/resolve/f9490f7de11b4f387f72ef800e73ccbb754711de/cloudsen12-l2a.0000.part.taco,5772394510,26397840
ROI_12282__20200726T095029_20200726T095032_T35WPR,ROI_12282,ROI_0181,EU5120_E1189N0736,EU,train,high,2000,11,4,67,18,"(50,100%]",cloudsen12-l2a.0003.part.taco,https://huggingface.co/datasets/tacofoundation/cloudsen12/resolve/f9490f7de11b4f387f72ef800e73ccbb754711de/cloudsen12-l2a.0003.part.taco,3992369781,26496058
ROI_12285__20190327T045659_20190327T045657_T47VPL,ROI_12285,ROI_0184,AS5120_E0936N1311,AS,train,high,2000,99,0,0,1,"(0,10%]",cloudsen12-l2a.0002.part.taco,https://huggingface.co/datasets/tacofoundation/cloudsen12/resolve/f9490f7de11b4f387f72ef800e73ccbb754711de/cloudsen12-l2a.0002.part.taco,16684874818,24315016
ROI_12286__20190327T045659_20190327T045657_T47VPL,ROI_12286,ROI_0185,AS5120_E0919N1311,AS,train,high,2000,99,0,0,1,"(0,10%]",cloudsen12-l2a.0002.part.taco,https://huggingface.co/datasets/tacofoundation/cloudsen12/resolve/f9490f7de11b4f387f72ef800e73ccbb754711de/cloudsen12-l2a.0002.part.taco,17569381871,32798890
ROI_12293__20220214T150721_20220214T150717_T21UVV,ROI_12293,ROI_0192,NA5120_E2102N1132,NA,train,high,2000,100,0,0,0,0%,cloudsen12-l2a.0000.part.taco,https://huggingface.co/datasets/tacofoundation/cloudsen12/resolve/f9490f7de11b4f387f72ef800e73ccbb754711de/cloudsen12-l2a.0000.part.taco,2980208955,33754500
ROI_12312__20190505T070629_20190505T071617_T39SWU,ROI_12312,ROI_0211,AS5120_E0120N0864,AS,train,high,2000,100,0,0,0,0%,cloudsen12-l2a.0000.part.taco,https://huggingface.co/datasets/tacofoundation/cloudsen12/resolve/f9490f7de11b4f387f72ef800e73ccbb754711de/cloudsen12-l2a.0000.part.taco,3064110683,25788588
ROI_12335__20181213T102419_20181213T102806_T32TNR,ROI_12335,ROI_0234,EU5120_E0921N0268,EU,train,high,2000,49,3,27,21,"(50,100%]",cloudsen12-l2a.0002.part.taco,https://huggingface.co/datasets/tacofoundation/cloudsen12/resolve/f9490f7de11b4f387f72ef800e73ccbb754711de/cloudsen12-l2a.0002.part.taco,15392449477,27971258
ROI_12345__20201111T050041_20201111T051415_T44PMR,ROI_12345,ROI_0244,AS5120_E0544N0145,AS,train,high,2000,46,0,38,16,"(50,100%]",cloudsen12-l2a.0000.part.taco,https://huggingface.co/datasets/tacofoundation/cloudsen12/resolve/f9490f7de11b4f387f72ef800e73ccbb754711de/cloudsen12-l2a.0000.part.taco,29643400,25492124
ROI_12350__20190212T081049_20190212T081406_T37TGH,ROI_12350,ROI_0249,EU5120_E1434N0223,EU,train,high,2000,100,0,0,0,0%,cloudsen12-l2a.0003.part.taco,https://huggingface.co/datasets/tacofoundation/cloudsen12/resolve/f9490f7de11b4f387f72ef800e73ccbb754711de/cloudsen12-l2a.0003.part.taco,1593051005,30334327
ROI_12351__20200627T064631_20200627T064629_T46XDH,ROI_12351,ROI_0250,AS5120_E0825N1543,AS,train,high,2000,100,0,0,0,0%,cloudsen12-l2a.0000.part.taco,https://huggingface.co/datasets/tacofoundation/cloudsen12/resolve/f9490f7de11b4f387f72ef800e73ccbb754711de/cloudsen12-l2a.0000.part.taco,7795539287,27873341
ROI_12358__20210626T005709_20210626T010258_T53JQH,ROI_12358,ROI_0257,OC5120_E1476N1287,OC,train,high,2000,100,0,0,0,0%,cloudsen12-l2a.0000.part.taco,https://huggingface.co/datasets/tacofoundation/cloudsen12/resolve/f9490f7de11b4f387f72ef800e73ccbb754711de/cloudsen12-l2a.0000.part.taco,7188994847,28537211
ROI_12368__20200324T032539_20200324T032534_T50UMC,ROI_12368,ROI_0267,AS5120_E1133N1096,AS,train,high,2000,98,2,0,0,"(0,10%]",cloudsen12-l2a.0002.part.taco,https://huggingface.co/datasets/tacofoundation/cloudsen12/resolve/f9490f7de11b4f387f72ef800e73ccbb754711de/cloudsen12-l2a.0002.part.taco,16439602365,20299919
ROI_12371__20191028T022809_20191028T022808_T53VPJ,ROI_12371,ROI_0270,AS5120_E1268N1392,AS,train,high,2000,3,12,54,31,"(50,100%]",cloudsen12-l2a.0000.part.taco,https://huggingface.co/datasets/tacofoundation/cloudsen12/resolve/f9490f7de11b4f387f72ef800e73ccbb754711de/cloudsen12-l2a.0000.part.taco,3115566160,27537393
ROI_12378__20190215T155331_20190215T155437_T19VEC,ROI_12378,ROI_0277,NA5120_E1954N1115,NA,train,high,2000,68,17,0,15,"(10,50%]",cloudsen12-l2a.0002.part.taco,https://huggingface.co/datasets/tacofoundation/cloudsen12/resolve/f9490f7de11b4f387f72ef800e73ccbb754711de/cloudsen12-l2a.0002.part.taco,19109364406,30476408
ROI_12434__20191012T043721_20191012T044322_T47UNT,ROI_12434,ROI_0333,AS5120_E0924N1057,AS,train,high,2000,100,0,0,0,0%,cloudsen12-l2a.0002.part.taco,https://huggingface.co/datasets/tacofoundation/cloudsen12/resolve/f9490f7de11b4f387f72ef800e73ccbb754711de/cloudsen12-l2a.0002.part.taco,18093946899,24742167
ROI_12451__20190422T102029_20190422T102029_T32TNR,ROI_12451,ROI_0350,EU5120_E0926N0282,EU,train,high,2000,14,15,52,19,"(50,100%]",cloudsen12-l2a.0000.part.taco,https://huggingface.co/datasets/tacofoundation/cloudsen12/resolve/f9490f7de11b4f387f72ef800e73ccbb754711de/cloudsen12-l2a.0000.part.taco,7352844128,19444801
ROI_12480__20200308T062709_20200308T063349_T42TUQ,ROI_12480,ROI_0379,AS5120_E0436N0961,AS,train,high,2000,47,4,21,28,"(50,100%]",cloudsen12-l2a.0000.part.taco,https://huggingface.co/datasets/tacofoundation/cloudsen12/resolve/f9490f7de11b4f387f72ef800e73ccbb754711de/cloudsen12-l2a.0000.part.taco,3252213398,24465932
ROI_12486__20190715T172901_20190715T173906_T14TLT,ROI_12486,ROI_0385,NA5120_E1571N0841,NA,train,high,2000,96,4,0,0,"(0,10%]",cloudsen12-l2a.0000.part.taco,https://huggingface.co/datasets/tacofoundation/cloudsen12/resolve/f9490f7de11b4f387f72ef800e73ccbb754711de/cloudsen12-l2a.0000.part.taco,6030283372,17847599
ROI_12492__20220605T074621_20220605T075220_T38TQS,ROI_12492,ROI_0391,EU5120_E1493N0322,EU,train,high,2000,100,0,0,0,0%,cloudsen12-l2a.0000.part.taco,https://huggingface.co/datasets/tacofoundation/cloudsen12/resolve/f9490f7de11b4f387f72ef800e73ccbb754711de/cloudsen12-l2a.0000.part.taco,7055536822,27258513
ROI_12498__20200625T211041_20200625T211036_T17XNK,ROI_12498,ROI_0397,NA5120_E1692N1578,NA,train,high,2000,100,0,0,0,0%,cloudsen12-l2a.0003.part.taco,https://huggingface.co/datasets/tacofoundation/cloudsen12/resolve/f9490f7de11b4f387f72ef800e73ccbb754711de/cloudsen12-l2a.0003.part.taco,1623385332,28024272
ROI_12501__20210221T080939_20210221T082326_T36PWA,ROI_12501,ROI_0400,AF5120_E1347N1283,AF,train,high,2000,100,0,0,0,0%,cloudsen12-l2a.0000.part.taco,https://huggingface.co/datasets/tacofoundation/cloudsen12/resolve/f9490f7de11b4f387f72ef800e73ccbb754711de/cloudsen12-l2a.0000.part.taco,763289017,21531751
ROI_12502__20210221T080939_20210221T082326_T36PWA,ROI_12502,ROI_0401,AF5120_E1357N1286,AF,train,high,2000,100,0,0,0,0%,cloudsen12-l2a.0000.part.taco,https://huggingface.co/datasets/tacofoundation/cloudsen12/resolve/f9490f7de11b4f387f72ef800e73ccbb754711de/cloudsen12-l2a.0000.part.taco,7569207292,27075807
ROI_12506__20190312T045651_20190312T045652_T48WWV,ROI_12506,ROI_0405,AS5120_E0958N1389,AS,train,high,2000,0,100,0,0,"(50,100%]",cloudsen12-l2a.0000.part.taco,https://huggingface.co/datasets/tacofoundation/cloudsen12/resolve/f9490f7de11b4f387f72ef800e73ccbb754711de/cloudsen12-l2a.0000.part.taco,2421571691,30363027
ROI_12535__20200226T074901_20200226T080448_T36NYF,ROI_12535,ROI_0434,AF5120_E1394N0990,AF,train,high,2000,19,19,49,13,"(50,100%]",cloudsen12-l2a.0000.part.taco,https://huggingface.co/datasets/tacofoundation/cloudsen12/resolve/f9490f7de11b4f387f72ef800e73ccbb754711de/cloudsen12-l2a.0000.part.taco,5581719771,26432636
ROI_12536__20200226T074901_20200226T080448_T36NYF,ROI_12536,ROI_0435,AF5120_E1402N0994,AF,train,high,2000,35,4,43,18,"(50,100%]",cloudsen12-l2a.0002.part.taco,https://huggingface.co/datasets/tacofoundation/cloudsen12/resolve/f9490f7de11b4f387f72ef800e73ccbb754711de/cloudsen12-l2a.0002.part.taco,16322790228,27642530
ROI_12543__20190614T043701_20190614T044330_T46SBC,ROI_12543,ROI_0442,AS5120_E0783N0648,AS,train,high,2000,100,0,0,0,0%,cloudsen12-l2a.0003.part.taco,https://huggingface.co/datasets/tacofoundation/cloudsen12/resolve/f9490f7de11b4f387f72ef800e73ccbb754711de/cloudsen12-l2a.0003.part.taco,3781898069,26177712
ROI_12562__20220831T032519_20220831T034157_T47NPC,ROI_12562,ROI_0461,OC5120_E0677N1932,OC,train,high,2000,100,0,0,0,0%,cloudsen12-l2a.0000.part.taco,https://huggingface.co/datasets/tacofoundation/cloudsen12/resolve/f9490f7de11b4f387f72ef800e73ccbb754711de/cloudsen12-l2a.0000.part.taco,4974289871,18243018
ROI_12613__20190115T044131_20190115T044130_T46TFR,ROI_12613,ROI_0512,AS5120_E0868N0909,AS,train,high,2000,48,23,2,27,"(50,100%]",cloudsen12-l2a.0002.part.taco,https://huggingface.co/datasets/tacofoundation/cloudsen12/resolve/f9490f7de11b4f387f72ef800e73ccbb754711de/cloudsen12-l2a.0002.part.taco,18415738442,29678034
ROI_12614__20190409T092031_20190409T092037_T34SFG,ROI_12614,ROI_0513,EU5120_E1124N0070,EU,train,high,2000,91,0,6,3,"(0,10%]",cloudsen12-l2a.0000.part.taco,https://huggingface.co/datasets/tacofoundation/cloudsen12/resolve/f9490f7de11b4f387f72ef800e73ccbb754711de/cloudsen12-l2a.0000.part.taco,6131671248,22245214
ROI_12625__20190802T082611_20190802T082606_T47XMK,ROI_12625,ROI_0524,AS5120_E0849N1663,AS,train,high,2000,18,2,41,39,"(50,100%]",cloudsen12-l2a.0000.part.taco,https://huggingface.co/datasets/tacofoundation/cloudsen12/resolve/f9490f7de11b4f387f72ef800e73ccbb754711de/cloudsen12-l2a.0000.part.taco,4754921205,27357664
ROI_12630__20190508T150721_20190508T150955_T18LWJ,ROI_12630,ROI_0529,SA5120_E1114N1065,SA,train,high,2000,100,0,0,0,0%,cloudsen12-l2a.0002.part.taco,https://huggingface.co/datasets/tacofoundation/cloudsen12/resolve/f9490f7de11b4f387f72ef800e73ccbb754711de/cloudsen12-l2a.0002.part.taco,17148883391,29447936
ROI_12643__20190828T170851_20190828T171232_T15UXB,ROI_12643,ROI_0542,NA5120_E1693N1037,NA,train,high,2000,0,0,95,5,"(50,100%]",cloudsen12-l2a.0000.part.taco,https://huggingface.co/datasets/tacofoundation/cloudsen12/resolve/f9490f7de11b4f387f72ef800e73ccbb754711de/cloudsen12-l2a.0000.part.taco,1410732939,24646240
ROI_12693__20181228T075329_20181228T081206_T35KQT,ROI_12693,ROI_0592,AF5120_E1263N0551,AF,train,high,2000,93,6,1,0,"(0,10%]",cloudsen12-l2a.0003.part.taco,https://huggingface.co/datasets/tacofoundation/cloudsen12/resolve/f9490f7de11b4f387f72ef800e73ccbb754711de/cloudsen12-l2a.0003.part.taco,422731679,28087524
ROI_12695__20181228T075329_20181228T081206_T35KQT,ROI_12695,ROI_0594,AF5120_E1270N0536,AF,train,high,2000,86,14,0,0,"(10,50%]",cloudsen12-l2a.0002.part.taco,https://huggingface.co/datasets/tacofoundation/cloudsen12/resolve/f9490f7de11b4f387f72ef800e73ccbb754711de/cloudsen12-l2a.0002.part.taco,15291206557,25527714
ROI_12701__20210104T044201_20210104T044202_T46UFU,ROI_12701,ROI_0600,AS5120_E0855N0974,AS,train,high,2000,100,0,0,0,0%,cloudsen12-l2a.0000.part.taco,https://huggingface.co/datasets/tacofoundation/cloudsen12/resolve/f9490f7de11b4f387f72ef800e73ccbb754711de/cloudsen12-l2a.0000.part.taco,6997050631,30184574
ROI_12707__20190730T181931_20190730T183134_T12SUJ,ROI_12707,ROI_0606,NA5120_E1362N0697,NA,train,high,2000,36,12,38,14,"(50,100%]",cloudsen12-l2a.0003.part.taco,https://huggingface.co/datasets/tacofoundation/cloudsen12/resolve/f9490f7de11b4f387f72ef800e73ccbb754711de/cloudsen12-l2a.0003.part.taco,1424968820,27746467
ROI_12710__20191121T035039_20191121T040112_T46NHL,ROI_12710,ROI_0609,OC5120_E0577N1983,OC,train,high,2000,41,7,52,0,"(50,100%]",cloudsen12-l2a.0002.part.taco,https://huggingface.co/datasets/tacofoundation/cloudsen12/resolve/f9490f7de11b4f387f72ef800e73ccbb754711de/cloudsen12-l2a.0002.part.taco,18810084239,13565781
ROI_12738__20181231T085351_20181231T090408_T33MZS,ROI_12738,ROI_0637,AF5120_E1029N0923,AF,train,high,2000,23,7,55,15,"(50,100%]",cloudsen12-l2a.0002.part.taco,https://huggingface.co/datasets/tacofoundation/cloudsen12/resolve/f9490f7de11b4f387f72ef800e73ccbb754711de/cloudsen12-l2a.0002.part.taco,19901836705,27669994
ROI_12756__20201011T075849_20201011T082149_T35JLJ,ROI_12756,ROI_0655,AF5120_E1172N0360,AF,train,high,2000,100,0,0,0,0%,cloudsen12-l2a.0000.part.taco,https://huggingface.co/datasets/tacofoundation/cloudsen12/resolve/f9490f7de11b4f387f72ef800e73ccbb754711de/cloudsen12-l2a.0000.part.taco,1492952955,23691591
ROI_12757__20180506T100031_20180506T100822_T32SNC,ROI_12757,ROI_0656,AF5120_E0871N1731,AF,train,high,2000,97,0,1,2,"(0,10%]",cloudsen12-l2a.0002.part.taco,https://huggingface.co/datasets/tacofoundation/cloudsen12/resolve/f9490f7de11b4f387f72ef800e73ccbb754711de/cloudsen12-l2a.0002.part.taco,18753346600,29489996
ROI_12759__20180506T100031_20180506T100822_T32SNC,ROI_12759,ROI_0658,AF5120_E0865N1717,AF,train,high,2000,100,0,0,0,0%,cloudsen12-l2a.0003.part.taco,https://huggingface.co/datasets/tacofoundation/cloudsen12/resolve/f9490f7de11b4f387f72ef800e73ccbb754711de/cloudsen12-l2a.0003.part.taco,2263699162,23947150
ROI_12765__20170530T103021_20170530T103024_T34WDS,ROI_12765,ROI_0664,EU5120_E1101N0654,EU,train,high,2000,83,17,0,0,"(10,50%]",cloudsen12-l2a.0002.part.taco,https://huggingface.co/datasets/tacofoundation/cloudsen12/resolve/f9490f7de11b4f387f72ef800e73ccbb754711de/cloudsen12-l2a.0002.part.taco,16563619398,24028600
ROI_12767__20170530T103021_20170530T103024_T34WDS,ROI_12767,ROI_0666,EU5120_E1095N0672,EU,train,high,2000,100,0,0,0,0%,cloudsen12-l2a.0000.part.taco,https://huggingface.co/datasets/tacofoundation/cloudsen12/resolve/f9490f7de11b4f387f72ef800e73ccbb754711de/cloudsen12-l2a.0000.part.taco,4669670634,26409791
ROI_12788__20190723T073619_20190723T075433_T36LXL,ROI_12788,ROI_0687,AF5120_E1368N0702,AF,train,high,2000,100,0,0,0,0%,cloudsen12-l2a.0000.part.taco,https://huggingface.co/datasets/tacofoundation/cloudsen12/resolve/f9490f7de11b4f387f72ef800e73ccbb754711de/cloudsen12-l2a.0000.part.taco,7516223826,24179789
ROI_12802__20200310T084709_20200310T085602_T36TVT,ROI_12802,ROI_0701,EU5120_E1274N0290,EU,train,high,2000,41,16,16,27,"(50,100%]",cloudsen12-l2a.0000.part.taco,https://huggingface.co/datasets/tacofoundation/cloudsen12/resolve/f9490f7de11b4f387f72ef800e73ccbb754711de/cloudsen12-l2a.0000.part.taco,6409823206,16818066
ROI_12808__20181006T101021_20181006T101021_T34WFB,ROI_12808,ROI_0707,EU5120_E1152N0758,EU,train,high,2000,0,0,95,5,"(50,100%]",cloudsen12-l2a.0003.part.taco,https://huggingface.co/datasets/tacofoundation/cloudsen12/resolve/f9490f7de11b4f387f72ef800e73ccbb754711de/cloudsen12-l2a.0003.part.taco,2086927209,26829106
ROI_12821__20190105T085349_20190105T091250_T33KWS,ROI_12821,ROI_0720,AF5120_E0961N0531,AF,train,high,2000,75,10,0,15,"(10,50%]",cloudsen12-l2a.0000.part.taco,https://huggingface.co/datasets/tacofoundation/cloudsen12/resolve/f9490f7de11b4f387f72ef800e73ccbb754711de/cloudsen12-l2a.0000.part.taco,2296716233,23232337
ROI_12822__20190105T085349_20190105T091250_T33KWS,ROI_12822,ROI_0721,AF5120_E0971N0520,AF,train,high,2000,100,0,0,0,0%,cloudsen12-l2a.0000.part.taco,https://huggingface.co/datasets/tacofoundation/cloudsen12/resolve/f9490f7de11b4f387f72ef800e73ccbb754711de/cloudsen12-l2a.0000.part.taco,7639350222,28777850
ROI_12850__20180517T074611_20180517T074613_T38TML,ROI_12850,ROI_0749,EU5120_E1468N0197,EU,train,high,2000,6,1,89,4,"(50,100%]",cloudsen12-l2a.0003.part.taco,https://huggingface.co/datasets/tacofoundation/cloudsen12/resolve/f9490f7de11b4f387f72ef800e73ccbb754711de/cloudsen12-l2a.0003.part.taco,2374607198,26373595
ROI_12853__20191029T184509_20191029T184505_T13VEL,ROI_12853,ROI_0752,NA5120_E1550N1212,NA,train,high,2000,100,0,0,0,0%,cloudsen12-l2a.0000.part.taco,https://huggingface.co/datasets/tacofoundation/cloudsen12/resolve/f9490f7de11b4f387f72ef800e73ccbb754711de/cloudsen12-l2a.0000.part.taco,730569918,32719099
ROI_12861__20190516T022551_20190516T022553_T56WMD,ROI_12861,ROI_0760,AS5120_E1216N1617,AS,train,high,2000,0,100,0,0,"(50,100%]",cloudsen12-l2a.0000.part.taco,https://huggingface.co/datasets/tacofoundation/cloudsen12/resolve/f9490f7de11b4f387f72ef800e73ccbb754711de/cloudsen12-l2a.0000.part.taco,7706642810,7032489
ROI_12862__20190516T022551_20190516T022553_T56WMD,ROI_12862,ROI_0761,AS5120_E1214N1619,AS,train,high,2000,32,13,45,10,"(50,100%]",cloudsen12-l2a.0000.part.taco,https://huggingface.co/datasets/tacofoundation/cloudsen12/resolve/f9490f7de11b4f387f72ef800e73ccbb754711de/cloudsen12-l2a.0000.part.taco,7869468593,13462284
ROI_12868__20171223T111449_20171223T111445_T30UXE,ROI_12868,ROI_0767,EU5120_E0821N0482,EU,train,high,2000,53,6,38,3,"(10,50%]",cloudsen12-l2a.0000.part.taco,https://huggingface.co/datasets/tacofoundation/cloudsen12/resolve/f9490f7de11b4f387f72ef800e73ccbb754711de/cloudsen12-l2a.0000.part.taco,1353765218,28889044
ROI_12871__20190919T193101_20190919T193059_T16XDP,ROI_12871,ROI_0770,NA5120_E1643N1556,NA,train,high,2000,100,0,0,0,0%,cloudsen12-l2a.0002.part.taco,https://huggingface.co/datasets/tacofoundation/cloudsen12/resolve/f9490f7de11b4f387f72ef800e73ccbb754711de/cloudsen12-l2a.0002.part.taco,16657681604,27193214
ROI_12876__20211202T075209_20211202T081622_T35KPP,ROI_12876,ROI_0775,AF5120_E1239N0467,AF,train,high,2000,95,1,2,2,"(0,10%]",cloudsen12-l2a.0000.part.taco,https://huggingface.co/datasets/tacofoundation/cloudsen12/resolve/f9490f7de11b4f387f72ef800e73ccbb754711de/cloudsen12-l2a.0000.part.taco,3356714269,27676904
ROI_12888__20201014T104031_20201014T104437_T32VPK,ROI_12888,ROI_0787,EU5120_E0996N0528,EU,train,high,2000,74,0,17,9,"(10,50%]",cloudsen12-l2a.0000.part.taco,https://huggingface.co/datasets/tacofoundation/cloudsen12/resolve/f9490f7de11b4f387f72ef800e73ccbb754711de/cloudsen12-l2a.0000.part.taco,7823412628,18549124
ROI_12892__20190406T072621_20190406T072616_T48XVN,ROI_12892,ROI_0791,AS5120_E0898N1632,AS,train,high,2000,48,7,23,22,"(50,100%]",cloudsen12-l2a.0000.part.taco,https://huggingface.co/datasets/tacofoundation/cloudsen12/resolve/f9490f7de11b4f387f72ef800e73ccbb754711de/cloudsen12-l2a.0000.part.taco,1783751651,17735612
ROI_12912__20190928T105029_20190928T105027_T32VPN,ROI_12912,ROI_0811,EU5120_E1015N0600,EU,train,high,2000,0,0,93,7,"(50,100%]",cloudsen12-l2a.0000.part.taco,https://huggingface.co/datasets/tacofoundation/cloudsen12/resolve/f9490f7de11b4f387f72ef800e73ccbb754711de/cloudsen12-l2a.0000.part.taco,6776103726,25850172
ROI_12937__20190223T152641_20190223T152820_T18NWL,ROI_12937,ROI_0836,SA5120_E1105N1492,SA,train,high,2000,35,15,39,11,"(50,100%]",cloudsen12-l2a.0003.part.taco,https://huggingface.co/datasets/tacofoundation/cloudsen12/resolve/f9490f7de11b4f387f72ef800e73ccbb754711de/cloudsen12-l2a.0003.part.taco,1074631970,26988440
ROI_12938__20190223T152641_20190223T152820_T18NWL,ROI_12938,ROI_0837,SA5120_E1107N1488,SA,train,high,2000,37,44,10,9,"(50,100%]",cloudsen12-l2a.0002.part.taco,https://huggingface.co/datasets/tacofoundation/cloudsen12/resolve/f9490f7de11b4f387f72ef800e73ccbb754711de/cloudsen12-l2a.0002.part.taco,19564985484,25013281
ROI_12945__20191003T141021_20191003T141021_T26XNG,ROI_12945,ROI_0844,NA5120_E1979N1643,NA,train,high,2000,100,0,0,0,0%,cloudsen12-l2a.0002.part.taco,https://huggingface.co/datasets/tacofoundation/cloudsen12/resolve/f9490f7de11b4f387f72ef800e73ccbb754711de/cloudsen12-l2a.0002.part.taco,16924579967,28035284
ROI_12966__20200204T043959_20200204T044017_T47UNT,ROI_12966,ROI_0865,AS5120_E0921N1041,AS,train,high,2000,57,43,0,0,"(10,50%]",cloudsen12-l2a.0000.part.taco,https://huggingface.co/datasets/tacofoundation/cloudsen12/resolve/f9490f7de11b4f387f72ef800e73ccbb754711de/cloudsen12-l2a.0000.part.taco,6203422733,27217625
ROI_12976__20210507T180921_20210507T180915_T23XML,ROI_12976,ROI_0875,NA5120_E1755N1659,NA,train,high,2000,100,0,0,0,0%,cloudsen12-l2a.0000.part.taco,https://huggingface.co/datasets/tacofoundation/cloudsen12/resolve/f9490f7de11b4f387f72ef800e73ccbb754711de/cloudsen12-l2a.0000.part.taco,5349874567,25123367
ROI_13028__20171202T105421_20171202T105415_T31TDK,ROI_13028,ROI_0927,EU5120_E0810N0284,EU,train,high,2000,36,15,21,28,"(50,100%]",cloudsen12-l2a.0003.part.taco,https://huggingface.co/datasets/tacofoundation/cloudsen12/resolve/f9490f7de11b4f387f72ef800e73ccbb754711de/cloudsen12-l2a.0003.part.taco,1651409604,32200122
ROI_13095__20191121T013711_20191121T013714_T52KDG,ROI_13095,ROI_0994,OC5120_E1300N1554,OC,train,high,2000,95,2,1,2,"(0,10%]",cloudsen12-l2a.0000.part.taco,https://huggingface.co/datasets/tacofoundation/cloudsen12/resolve/f9490f7de11b4f387f72ef800e73ccbb754711de/cloudsen12-l2a.0000.part.taco,7301400562,27250219
ROI_13134__20190524T191919_20190524T191919_T16XEM,ROI_13134,ROI_1033,NA5120_E1674N1512,NA,train,high,2000,31,6,0,63,"(50,100%]",cloudsen12-l2a.0003.part.taco,https://huggingface.co/datasets/tacofoundation/cloudsen12/resolve/f9490f7de11b4f387f72ef800e73ccbb754711de/cloudsen12-l2a.0003.part.taco,450819203,25461633
ROI_13137__20190524T191919_20190524T191919_T16XEM,ROI_13137,ROI_1036,NA5120_E1684N1518,NA,train,high,2000,14,25,0,61,"(50,100%]",cloudsen12-l2a.0000.part.taco,https://huggingface.co/datasets/tacofoundation/cloudsen12/resolve/f9490f7de11b4f387f72ef800e73ccbb754711de/cloudsen12-l2a.0000.part.taco,7490695277,25528549
ROI_13150__20190603T182921_20190603T183929_T11UQT,ROI_13150,ROI_1049,NA5120_E1404N0973,NA,train,high,2000,99,1,0,0,"(0,10%]",cloudsen12-l2a.0000.part.taco,https://huggingface.co/datasets/tacofoundation/cloudsen12/resolve/f9490f7de11b4f387f72ef800e73ccbb754711de/cloudsen12-l2a.0000.part.taco,6362495354,27855018
ROI_13155__20200702T143731_20200702T144503_T19HCC,ROI_13155,ROI_1054,SA5120_E1234N0657,SA,train,high,2000,100,0,0,0,0%,cloudsen12-l2a.0002.part.taco,https://huggingface.co/datasets/tacofoundation/cloudsen12/resolve/f9490f7de11b4f387f72ef800e73ccbb754711de/cloudsen12-l2a.0002.part.taco,18719837481,33509119
ROI_13175__20210702T050701_20210702T050655_T46VCJ,ROI_13175,ROI_1074,AS5120_E0807N1156,AS,train,high,2000,99,0,1,0,"(0,10%]",cloudsen12-l2a.0000.part.taco,https://huggingface.co/datasets/tacofoundation/cloudsen12/resolve/f9490f7de11b4f387f72ef800e73ccbb754711de/cloudsen12-l2a.0000.part.taco,3629552097,26600332
ROI_13199__20200515T190909_20200515T191310_T11WPN,ROI_13199,ROI_1098,NA5120_E1462N1260,NA,train,high,2000,2,30,0,68,"(50,100%]",cloudsen12-l2a.0002.part.taco,https://huggingface.co/datasets/tacofoundation/cloudsen12/resolve/f9490f7de11b4f387f72ef800e73ccbb754711de/cloudsen12-l2a.0002.part.taco,15784470536,18529338
ROI_13210__20190920T162949_20190920T163359_T17TLM,ROI_13210,ROI_1109,NA5120_E1837N0851,NA,train,high,2000,82,3,2,13,"(10,50%]",cloudsen12-l2a.0000.part.taco,https://huggingface.co/datasets/tacofoundation/cloudsen12/resolve/f9490f7de11b4f387f72ef800e73ccbb754711de/cloudsen12-l2a.0000.part.taco,1327447149,26318069
ROI_13211__20210409T011649_20210409T011649_T57VUK,ROI_13211,ROI_1110,AS5120_E1393N1534,AS,train,high,2000,100,0,0,0,0%,cloudsen12-l2a.0000.part.taco,https://huggingface.co/datasets/tacofoundation/cloudsen12/resolve/f9490f7de11b4f387f72ef800e73ccbb754711de/cloudsen12-l2a.0000.part.taco,915167062,33652289
ROI_13212__20210409T011649_20210409T011649_T57VUK,ROI_13212,ROI_1111,AS5120_E1388N1542,AS,train,high,2000,100,0,0,0,0%,cloudsen12-l2a.0000.part.taco,https://huggingface.co/datasets/tacofoundation/cloudsen12/resolve/f9490f7de11b4f387f72ef800e73ccbb754711de/cloudsen12-l2a.0000.part.taco,5445844102,33724335
ROI_13215__20200409T043701_20200409T044548_T46SEG,ROI_13215,ROI_1114,AS5120_E0839N0736,AS,train,high,2000,100,0,0,0,0%,cloudsen12-l2a.0000.part.taco,https://huggingface.co/datasets/tacofoundation/cloudsen12/resolve/f9490f7de11b4f387f72ef800e73ccbb754711de/cloudsen12-l2a.0000.part.taco,2451934718,24121058
ROI_13218__20180428T095029_20180428T095759_T33TUF,ROI_13218,ROI_1117,EU5120_E0973N0168,EU,train,high,2000,82,10,7,1,"(10,50%]",cloudsen12-l2a.0002.part.taco,https://huggingface.co/datasets/tacofoundation/cloudsen12/resolve/f9490f7de11b4f387f72ef800e73ccbb754711de/cloudsen12-l2a.0002.part.taco,15336804345,17173538
ROI_13225__20190305T055729_20190305T060617_T42SYG,ROI_13225,ROI_1124,AS5120_E0475N0782,AS,train,high,2000,100,0,0,0,0%,cloudsen12-l2a.0000.part.taco,https://huggingface.co/datasets/tacofoundation/cloudsen12/resolve/f9490f7de11b4f387f72ef800e73ccbb754711de/cloudsen12-l2a.0000.part.taco,6612684822,29857322
ROI_13238__20190426T090601_20190426T090557_T47XMK,ROI_13238,ROI_1137,AS5120_E0857N1680,AS,train,high,2000,57,12,5,26,"(10,50%]",cloudsen12-l2a.0002.part.taco,https://huggingface.co/datasets/tacofoundation/cloudsen12/resolve/f9490f7de11b4f387f72ef800e73ccbb754711de/cloudsen12-l2a.0002.part.taco,15071759187,20446889
ROI_13260__20190204T112251_20190204T112808_T29SNB,ROI_13260,ROI_1159,EU5120_E0584N0202,EU,train,high,2000,38,42,15,5,"(50,100%]",cloudsen12-l2a.0000.part.taco,https://huggingface.co/datasets/tacofoundation/cloudsen12/resolve/f9490f7de11b4f387f72ef800e73ccbb754711de/cloudsen12-l2a.0000.part.taco,2805843617,23398479
ROI_13267__20190917T103021_20190917T103549_T32TLP,ROI_13267,ROI_1166,EU5120_E0875N0252,EU,train,high,2000,100,0,0,0,0%,cloudsen12-l2a.0000.part.taco,https://huggingface.co/datasets/tacofoundation/cloudsen12/resolve/f9490f7de11b4f387f72ef800e73ccbb754711de/cloudsen12-l2a.0000.part.taco,2927470658,29619806
ROI_13284__20190202T163509_20190202T163908_T16SEG,ROI_13284,ROI_1183,NA5120_E1805N0651,NA,train,high,2000,100,0,0,0,0%,cloudsen12-l2a.0000.part.taco,https://huggingface.co/datasets/tacofoundation/cloudsen12/resolve/f9490f7de11b4f387f72ef800e73ccbb754711de/cloudsen12-l2a.0000.part.taco,6698033992,29384685
ROI_13305__20220805T080609_20220805T083108_T34HEK,ROI_13305,ROI_1204,AF5120_E1105N0282,AF,train,high,2000,71,17,0,12,"(10,50%]",cloudsen12-l2a.0003.part.taco,https://huggingface.co/datasets/tacofoundation/cloudsen12/resolve/f9490f7de11b4f387f72ef800e73ccbb754711de/cloudsen12-l2a.0003.part.taco,1342633869,23523369
ROI_13362__20210525T154911_20210525T155853_T18TWM,ROI_13362,ROI_1261,NA5120_E1992N0790,NA,train,high,2000,95,3,1,1,"(0,10%]",cloudsen12-l2a.0002.part.taco,https://huggingface.co/datasets/tacofoundation/cloudsen12/resolve/f9490f7de11b4f387f72ef800e73ccbb754711de/cloudsen12-l2a.0002.part.taco,16895672627,28907340
ROI_13416__20190712T162839_20190712T162842_T17VPJ,ROI_13416,ROI_1315,NA5120_E1815N1191,NA,train,high,2000,100,0,0,0,0%,cloudsen12-l2a.0000.part.taco,https://huggingface.co/datasets/tacofoundation/cloudsen12/resolve/f9490f7de11b4f387f72ef800e73ccbb754711de/cloudsen12-l2a.0000.part.taco,1619489206,27626999
ROI_13423__20200614T081611_20200614T081609_T42XVL,ROI_13423,ROI_1322,AS5120_E0720N1608,AS,train,high,2000,58,0,28,14,"(10,50%]",cloudsen12-l2a.0002.part.taco,https://huggingface.co/datasets/tacofoundation/cloudsen12/resolve/f9490f7de11b4f387f72ef800e73ccbb754711de/cloudsen12-l2a.0002.part.taco,19201918828,17156763
ROI_13434__20190810T065629_20190810T070932_T39PUN,ROI_13434,ROI_1333,AF5120_E1707N1245,AF,train,high,2000,98,1,0,1,"(0,10%]",cloudsen12-l2a.0000.part.taco,https://huggingface.co/datasets/tacofoundation/cloudsen12/resolve/f9490f7de11b4f387f72ef800e73ccbb754711de/cloudsen12-l2a.0000.part.taco,4515652922,27645032
ROI_13438__20190317T040541_20190317T040540_T50WMB,ROI_13438,ROI_1337,AS5120_E1021N1444,AS,train,high,2000,18,82,0,0,"(50,100%]",cloudsen12-l2a.0002.part.taco,https://huggingface.co/datasets/tacofoundation/cloudsen12/resolve/f9490f7de11b4f387f72ef800e73ccbb754711de/cloudsen12-l2a.0002.part.taco,17100747224,29116285
ROI_13447__20200626T044659_20200626T044742_T49WDV,ROI_13447,ROI_1346,AS5120_E0947N1491,AS,train,high,2000,69,15,7,9,"(10,50%]",cloudsen12-l2a.0002.part.taco,https://huggingface.co/datasets/tacofoundation/cloudsen12/resolve/f9490f7de11b4f387f72ef800e73ccbb754711de/cloudsen12-l2a.0002.part.taco,15049755124,22004063
ROI_13458__20220715T083609_20220715T090315_T33JXK,ROI_13458,ROI_1357,AF5120_E1004N0394,AF,train,high,2000,100,0,0,0,0%,cloudsen12-l2a.0002.part.taco,https://huggingface.co/datasets/tacofoundation/cloudsen12/resolve/f9490f7de11b4f387f72ef800e73ccbb754711de/cloudsen12-l2a.0002.part.taco,19645515429,27874748
ROI_13467__20190314T104021_20190314T104619_T31TCH,ROI_13467,ROI_1366,EU5120_E0780N0239,EU,train,high,2000,100,0,0,0,0%,cloudsen12-l2a.0000.part.taco,https://huggingface.co/datasets/tacofoundation/cloudsen12/resolve/f9490f7de11b4f387f72ef800e73ccbb754711de/cloudsen12-l2a.0000.part.taco,2020904308,29845259
ROI_13472__20190429T082609_20190429T083847_T36SWH,ROI_13472,ROI_1371,EU5120_E1313N0109,EU,train,high,2000,100,0,0,0,0%,cloudsen12-l2a.0003.part.taco,https://huggingface.co/datasets/tacofoundation/cloudsen12/resolve/f9490f7de11b4f387f72ef800e73ccbb754711de/cloudsen12-l2a.0003.part.taco,3479828034,29394505
ROI_13500__20200424T043659_20200424T043655_T49WDQ,ROI_13500,ROI_1399,AS5120_E0991N1392,AS,train,high,2000,100,0,0,0,0%,cloudsen12-l2a.0003.part.taco,https://huggingface.co/datasets/tacofoundation/cloudsen12/resolve/f9490f7de11b4f387f72ef800e73ccbb754711de/cloudsen12-l2a.0003.part.taco,2758549887,29235324
ROI_13529__20190826T095031_20190826T100037_T32SQB,ROI_13529,ROI_1428,AF5120_E0920N1695,AF,train,high,2000,100,0,0,0,0%,cloudsen12-l2a.0000.part.taco,https://huggingface.co/datasets/tacofoundation/cloudsen12/resolve/f9490f7de11b4f387f72ef800e73ccbb754711de/cloudsen12-l2a.0000.part.taco,4163983809,26093322
ROI_13555__20200422T085549_20200422T090559_T35SMD,ROI_13555,ROI_1454,EU5120_E1191N0124,EU,train,high,2000,12,1,78,9,"(50,100%]",cloudsen12-l2a.0002.part.taco,https://huggingface.co/datasets/tacofoundation/cloudsen12/resolve/f9490f7de11b4f387f72ef800e73ccbb754711de/cloudsen12-l2a.0002.part.taco,19673390177,26176541
ROI_13605__20191226T103431_20191226T103434_T32UNV,ROI_13605,ROI_1504,EU5120_E0932N0351,EU,train,high,2000,44,16,36,4,"(50,100%]",cloudsen12-l2a.0002.part.taco,https://huggingface.co/datasets/tacofoundation/cloudsen12/resolve/f9490f7de11b4f387f72ef800e73ccbb754711de/cloudsen12-l2a.0002.part.taco,19929506699,27570588
ROI_13630__20190626T010659_20190626T010656_T57WXT,ROI_13630,ROI_1529,AS5120_E1284N1675,AS,train,high,2000,51,2,22,25,"(10,50%]",cloudsen12-l2a.0000.part.taco,https://huggingface.co/datasets/tacofoundation/cloudsen12/resolve/f9490f7de11b4f387f72ef800e73ccbb754711de/cloudsen12-l2a.0000.part.taco,1094612036,18385022
ROI_13651__20190527T165901_20190527T165855_T16UCG,ROI_13651,ROI_1550,NA5120_E1716N1031,NA,train,high,2000,51,32,4,13,"(10,50%]",cloudsen12-l2a.0000.part.taco,https://huggingface.co/datasets/tacofoundation/cloudsen12/resolve/f9490f7de11b4f387f72ef800e73ccbb754711de/cloudsen12-l2a.0000.part.taco,4237745135,25011992
ROI_13690__20190719T052651_20190719T052651_T45VXG,ROI_13690,ROI_1589,AS5120_E0796N1231,AS,train,high,2000,0,95,3,2,"(50,100%]",cloudsen12-l2a.0002.part.taco,https://huggingface.co/datasets/tacofoundation/cloudsen12/resolve/f9490f7de11b4f387f72ef800e73ccbb754711de/cloudsen12-l2a.0002.part.taco,17645785820,23559680
ROI_13702__20190320T155941_20190320T160212_T18TVT,ROI_13702,ROI_1601,NA5120_E1938N0907,NA,train,high,2000,74,20,5,1,"(10,50%]",cloudsen12-l2a.0002.part.taco,https://huggingface.co/datasets/tacofoundation/cloudsen12/resolve/f9490f7de11b4f387f72ef800e73ccbb754711de/cloudsen12-l2a.0002.part.taco,16986529258,31325619
ROI_13718__20200516T160911_20200516T161044_T21XVD,ROI_13718,ROI_1617,NA5120_E1832N1518,NA,train,high,2000,15,0,83,2,"(50,100%]",cloudsen12-l2a.0002.part.taco,https://huggingface.co/datasets/tacofoundation/cloudsen12/resolve/f9490f7de11b4f387f72ef800e73ccbb754711de/cloudsen12-l2a.0002.part.taco,15483105043,25435847
ROI_13731__20211011T043721_20211011T044557_T46SBD,ROI_13731,ROI_1630,AS5120_E0786N0674,AS,train,high,2000,100,0,0,0,0%,cloudsen12-l2a.0002.part.taco,https://huggingface.co/datasets/tacofoundation/cloudsen12/resolve/f9490f7de11b4f387f72ef800e73ccbb754711de/cloudsen12-l2a.0002.part.taco,15936599130,21354203
ROI_13740__20191117T050101_20191117T050058_T47VNK,ROI_13740,ROI_1639,AS5120_E0904N1273,AS,train,high,2000,100,0,0,0,0%,cloudsen12-l2a.0002.part.taco,https://huggingface.co/datasets/tacofoundation/cloudsen12/resolve/f9490f7de11b4f387f72ef800e73ccbb754711de/cloudsen12-l2a.0002.part.taco,16009241106,31517923
ROI_13751__20191008T045701_20191008T050028_T45TXF,ROI_13751,ROI_1650,AS5120_E0760N0809,AS,train,high,2000,34,31,4,31,"(50,100%]",cloudsen12-l2a.0002.part.taco,https://huggingface.co/datasets/tacofoundation/cloudsen12/resolve/f9490f7de11b4f387f72ef800e73ccbb754711de/cloudsen12-l2a.0002.part.taco,17516407975,24782134
ROI_13789__20190614T052659_20190614T052653_T47XPA,ROI_13789,ROI_1688,AS5120_E0907N1502,AS,train,high,2000,18,27,13,42,"(50,100%]",cloudsen12-l2a.0000.part.taco,https://huggingface.co/datasets/tacofoundation/cloudsen12/resolve/f9490f7de11b4f387f72ef800e73ccbb754711de/cloudsen12-l2a.0000.part.taco,5695246432,23052440
ROI_13810__20190730T214531_20190730T214534_T07WDS,ROI_13810,ROI_1709,NA5120_E1274N1431,NA,train,high,2000,27,12,38,23,"(50,100%]",cloudsen12-l2a.0000.part.taco,https://huggingface.co/datasets/tacofoundation/cloudsen12/resolve/f9490f7de11b4f387f72ef800e73ccbb754711de/cloudsen12-l2a.0000.part.taco,6335183655,27311699
ROI_13813__20201028T072211_20201028T072237_T38KMC,ROI_13813,ROI_1712,AF5120_E1578N0543,AF,train,high,2000,100,0,0,0,0%,cloudsen12-l2a.0003.part.taco,https://huggingface.co/datasets/tacofoundation/cloudsen12/resolve/f9490f7de11b4f387f72ef800e73ccbb754711de/cloudsen12-l2a.0003.part.taco,623480805,26408051
ROI_13841__20210714T154911_20210714T160254_T17SPT,ROI_13841,ROI_1740,NA5120_E1955N0595,NA,train,high,2000,87,0,10,3,"(10,50%]",cloudsen12-l2a.0003.part.taco,https://huggingface.co/datasets/tacofoundation/cloudsen12/resolve/f9490f7de11b4f387f72ef800e73ccbb754711de/cloudsen12-l2a.0003.part.taco,2476941880,20352661
ROI_13851__20200817T075621_20200817T080824_T36LTP,ROI_13851,ROI_1750,AF5120_E1304N0752,AF,train,high,2000,86,14,0,0,"(10,50%]",cloudsen12-l2a.0000.part.taco,https://huggingface.co/datasets/tacofoundation/cloudsen12/resolve/f9490f7de11b4f387f72ef800e73ccbb754711de/cloudsen12-l2a.0000.part.taco,326831295,22821476
ROI_13863__20190319T145731_20190319T145727_T21UVV,ROI_13863,ROI_1762,NA5120_E2107N1132,NA,train,high,2000,100,0,0,0,0%,cloudsen12-l2a.0000.part.taco,https://huggingface.co/datasets/tacofoundation/cloudsen12/resolve/f9490f7de11b4f387f72ef800e73ccbb754711de/cloudsen12-l2a.0000.part.taco,593010896,29100656
ROI_13864__20190319T145731_20190319T145727_T21UVV,ROI_13864,ROI_1763,NA5120_E2104N1137,NA,train,high,2000,100,0,0,0,0%,cloudsen12-l2a.0000.part.taco,https://huggingface.co/datasets/tacofoundation/cloudsen12/resolve/f9490f7de11b4f387f72ef800e73ccbb754711de/cloudsen12-l2a.0000.part.taco,6273746650,28551892
ROI_13902__20190613T101031_20190613T101027_T33UWU,ROI_13902,ROI_1801,EU5120_E1042N0420,EU,train,high,2000,0,0,100,0,"(50,100%]",cloudsen12-l2a.0002.part.taco,https://huggingface.co/datasets/tacofoundation/cloudsen12/resolve/f9490f7de11b4f387f72ef800e73ccbb754711de/cloudsen12-l2a.0002.part.taco,16394761334,18160379
ROI_13916__20190718T200859_20190718T200901_T17XMJ,ROI_13916,ROI_1815,NA5120_E1662N1560,NA,train,high,2000,95,5,0,0,"(0,10%]",cloudsen12-l2a.0002.part.taco,https://huggingface.co/datasets/tacofoundation/cloudsen12/resolve/f9490f7de11b4f387f72ef800e73ccbb754711de/cloudsen12-l2a.0002.part.taco,16459902284,27957294
ROI_13917__20190718T200859_20190718T200901_T17XMJ,ROI_13917,ROI_1816,NA5120_E1670N1567,NA,train,high,2000,83,1,0,16,"(10,50%]",cloudsen12-l2a.0000.part.taco,https://huggingface.co/datasets/tacofoundation/cloudsen12/resolve/f9490f7de11b4f387f72ef800e73ccbb754711de/cloudsen12-l2a.0000.part.taco,5930869909,29254405
ROI_13944__20180323T102021_20180323T102021_T32TMR,ROI_13944,ROI_1843,EU5120_E0897N0275,EU,train,high,2000,100,0,0,0,0%,cloudsen12-l2a.0000.part.taco,https://huggingface.co/datasets/tacofoundation/cloudsen12/resolve/f9490f7de11b4f387f72ef800e73ccbb754711de/cloudsen12-l2a.0000.part.taco,7116439945,28748192
ROI_13950__20190916T023551_20190916T023548_T53VLL,ROI_13950,ROI_1849,AS5120_E1209N1405,AS,train,high,2000,100,0,0,0,0%,cloudsen12-l2a.0002.part.taco,https://huggingface.co/datasets/tacofoundation/cloudsen12/resolve/f9490f7de11b4f387f72ef800e73ccbb754711de/cloudsen12-l2a.0002.part.taco,19016187900,24003161
ROI_13961__20200519T084559_20200519T084934_T36TVT,ROI_13961,ROI_1860,EU5120_E1258N0290,EU,train,high,2000,100,0,0,0,0%,cloudsen12-l2a.0000.part.taco,https://huggingface.co/datasets/tacofoundation/cloudsen12/resolve/f9490f7de11b4f387f72ef800e73ccbb754711de/cloudsen12-l2a.0000.part.taco,1164778317,25843943
ROI_13987__20190209T085121_20190209T090412_T33KWV,ROI_13987,ROI_1886,AF5120_E0976N0593,AF,train,high,2000,100,0,0,0,0%,cloudsen12-l2a.0002.part.taco,https://huggingface.co/datasets/tacofoundation/cloudsen12/resolve/f9490f7de11b4f387f72ef800e73ccbb754711de/cloudsen12-l2a.0002.part.taco,16136495683,29532177
ROI_14015__20210429T061629_20210429T062921_T41RNM,ROI_14015,ROI_1914,AS5120_E0260N0649,AS,train,high,2000,100,0,0,0,0%,cloudsen12-l2a.0000.part.taco,https://huggingface.co/datasets/tacofoundation/cloudsen12/resolve/f9490f7de11b4f387f72ef800e73ccbb754711de/cloudsen12-l2a.0000.part.taco,6005567970,24715402
ROI_14017__20220712T105631_20220712T105925_T30TWK,ROI_14017,ROI_1916,EU5120_E0701N0218,EU,train,high,2000,100,0,0,0,0%,cloudsen12-l2a.0000.part.taco,https://huggingface.co/datasets/tacofoundation/cloudsen12/resolve/f9490f7de11b4f387f72ef800e73ccbb754711de/cloudsen12-l2a.0000.part.taco,4696080425,30734674
ROI_14021__20190615T190921_20190615T190917_T22XER,ROI_14021,ROI_1920,NA5120_E1769N1660,NA,train,high,2000,22,9,34,35,"(50,100%]",cloudsen12-l2a.0002.part.taco,https://huggingface.co/datasets/tacofoundation/cloudsen12/resolve/f9490f7de11b4f387f72ef800e73ccbb754711de/cloudsen12-l2a.0002.part.taco,18357495369,29418297
ROI_14030__20200314T064639_20200314T065511_T41TMM,ROI_14030,ROI_1929,AS5120_E0383N1034,AS,train,high,2000,100,0,0,0,0%,cloudsen12-l2a.0003.part.taco,https://huggingface.co/datasets/tacofoundation/cloudsen12/resolve/f9490f7de11b4f387f72ef800e73ccbb754711de/cloudsen12-l2a.0003.part.taco,1683609726,29975574
ROI_14084__20190314T213529_20190314T213638_T06WWT,ROI_14084,ROI_1983,NA5120_E1208N1399,NA,train,high,2000,100,0,0,0,0%,cloudsen12-l2a.0003.part.taco,https://huggingface.co/datasets/tacofoundation/cloudsen12/resolve/f9490f7de11b4f387f72ef800e73ccbb754711de/cloudsen12-l2a.0003.part.taco,2287646312,33683923
ROI_14086__20181221T013709_20181221T013751_T52JCL,ROI_14086,ROI_1985,OC5120_E1281N1248,OC,train,high,2000,100,0,0,0,0%,cloudsen12-l2a.0002.part.taco,https://huggingface.co/datasets/tacofoundation/cloudsen12/resolve/f9490f7de11b4f387f72ef800e73ccbb754711de/cloudsen12-l2a.0002.part.taco,17489476695,26931280
ROI_14105__20220515T100031_20220515T100031_T33UVP,ROI_14105,ROI_2004,EU5120_E0991N0314,EU,train,high,2000,99,0,0,1,"(0,10%]",cloudsen12-l2a.0000.part.taco,https://huggingface.co/datasets/tacofoundation/cloudsen12/resolve/f9490f7de11b4f387f72ef800e73ccbb754711de/cloudsen12-l2a.0000.part.taco,5665921265,29325167
ROI_14107__20210918T051649_20210918T051646_T48WVE,ROI_14107,ROI_2006,AS5120_E0910N1479,AS,train,high,2000,10,0,62,28,"(50,100%]",cloudsen12-l2a.0003.part.taco,https://huggingface.co/datasets/tacofoundation/cloudsen12/resolve/f9490f7de11b4f387f72ef800e73ccbb754711de/cloudsen12-l2a.0003.part.taco,2166317818,22467260
ROI_14109__20211127T034059_20211127T034058_T49UEP,ROI_14109,ROI_2008,AS5120_E1100N1005,AS,train,high,2000,100,0,0,0,0%,cloudsen12-l2a.0002.part.taco,https://huggingface.co/datasets/tacofoundation/cloudsen12/resolve/f9490f7de11b4f387f72ef800e73ccbb754711de/cloudsen12-l2a.0002.part.taco,16487859578,27495909
ROI_14111__20210709T142729_20210709T143814_T20KKC,ROI_14111,ROI_2010,SA5120_E1327N0951,SA,train,high,2000,100,0,0,0,0%,cloudsen12-l2a.0003.part.taco,https://huggingface.co/datasets/tacofoundation/cloudsen12/resolve/f9490f7de11b4f387f72ef800e73ccbb754711de/cloudsen12-l2a.0003.part.taco,33273021,24483600
ROI_14170__20190302T173229_20190302T173231_T17XNB,ROI_14170,ROI_2069,NA5120_E1740N1425,NA,train,high,2000,36,32,21,11,"(50,100%]",cloudsen12-l2a.0002.part.taco,https://huggingface.co/datasets/tacofoundation/cloudsen12/resolve/f9490f7de11b4f387f72ef800e73ccbb754711de/cloudsen12-l2a.0002.part.taco,17470525546,18951149
ROI_14185__20190724T020659_20190724T020701_T53VPC,ROI_14185,ROI_2084,AS5120_E1342N1285,AS,train,high,2000,93,7,0,0,"(0,10%]",cloudsen12-l2a.0003.part.taco,https://huggingface.co/datasets/tacofoundation/cloudsen12/resolve/f9490f7de11b4f387f72ef800e73ccbb754711de/cloudsen12-l2a.0003.part.taco,2566974647,26953191
ROI_14208__20190112T043141_20190112T043642_T46SDC,ROI_14208,ROI_2107,AS5120_E0814N0659,AS,train,high,2000,8,1,68,23,"(50,100%]",cloudsen12-l2a.0000.part.taco,https://huggingface.co/datasets/tacofoundation/cloudsen12/resolve/f9490f7de11b4f387f72ef800e73ccbb754711de/cloudsen12-l2a.0000.part.taco,2689732311,27032817
ROI_14215__20180817T105619_20180817T110514_T31UCR,ROI_14215,ROI_2114,EU5120_E0831N0405,EU,train,high,2000,79,20,1,0,"(10,50%]",cloudsen12-l2a.0000.part.taco,https://huggingface.co/datasets/tacofoundation/cloudsen12/resolve/f9490f7de11b4f387f72ef800e73ccbb754711de/cloudsen12-l2a.0000.part.taco,379591385,17274968
ROI_14218__20190405T170849_20190405T171705_T15UWB,ROI_14218,ROI_2117,NA5120_E1690N1022,NA,train,high,2000,29,10,50,11,"(50,100%]",cloudsen12-l2a.0002.part.taco,https://huggingface.co/datasets/tacofoundation/cloudsen12/resolve/f9490f7de11b4f387f72ef800e73ccbb754711de/cloudsen12-l2a.0002.part.taco,18204334157,23479216
ROI_14220__20210808T181921_20210808T182708_T11TQF,ROI_14220,ROI_2119,NA5120_E1338N0752,NA,train,high,2000,18,82,0,0,"(50,100%]",cloudsen12-l2a.0003.part.taco,https://huggingface.co/datasets/tacofoundation/cloudsen12/resolve/f9490f7de11b4f387f72ef800e73ccbb754711de/cloudsen12-l2a.0003.part.taco,924974002,20142983
ROI_14225__20210216T053909_20210216T053910_T43TGJ,ROI_14225,ROI_2124,AS5120_E0603N0884,AS,train,high,2000,100,0,0,0,0%,cloudsen12-l2a.0002.part.taco,https://huggingface.co/datasets/tacofoundation/cloudsen12/resolve/f9490f7de11b4f387f72ef800e73ccbb754711de/cloudsen12-l2a.0002.part.taco,19727088249,30243853
ROI_14246__20210414T202849_20210414T202843_T22XER,ROI_14246,ROI_2145,NA5120_E1758N1648,NA,train,high,2000,100,0,0,0,0%,cloudsen12-l2a.0002.part.taco,https://huggingface.co/datasets/tacofoundation/cloudsen12/resolve/f9490f7de11b4f387f72ef800e73ccbb754711de/cloudsen12-l2a.0002.part.taco,17408750565,35978292
ROI_14255__20190927T052651_20190927T052647_T46VEP,ROI_14255,ROI_2154,AS5120_E0839N1250,AS,train,high,2000,36,1,43,20,"(50,100%]",cloudsen12-l2a.0003.part.taco,https://huggingface.co/datasets/tacofoundation/cloudsen12/resolve/f9490f7de11b4f387f72ef800e73ccbb754711de/cloudsen12-l2a.0003.part.taco,2664263140,20803743
ROI_14275__20180103T095401_20180103T095700_T33TVG,ROI_14275,ROI_2174,EU5120_E0985N0182,EU,train,high,2000,78,22,0,0,"(10,50%]",cloudsen12-l2a.0003.part.taco,https://huggingface.co/datasets/tacofoundation/cloudsen12/resolve/f9490f7de11b4f387f72ef800e73ccbb754711de/cloudsen12-l2a.0003.part.taco,1475532949,29076100
ROI_14287__20190920T104021_20190920T104149_T31TDJ,ROI_14287,ROI_2186,EU5120_E0799N0260,EU,train,high,2000,99,0,1,0,"(0,10%]",cloudsen12-l2a.0002.part.taco,https://huggingface.co/datasets/tacofoundation/cloudsen12/resolve/f9490f7de11b4f387f72ef800e73ccbb754711de/cloudsen12-l2a.0002.part.taco,18148611122,29432271
ROI_14292__20190405T075611_20190405T082100_T35LRH,ROI_14292,ROI_2191,AF5120_E1279N0746,AF,train,high,2000,3,1,94,2,"(50,100%]",cloudsen12-l2a.0002.part.taco,https://huggingface.co/datasets/tacofoundation/cloudsen12/resolve/f9490f7de11b4f387f72ef800e73ccbb754711de/cloudsen12-l2a.0002.part.taco,17921485553,23803247
ROI_14301__20180105T094359_20180105T094407_T33SWB,ROI_14301,ROI_2200,EU5120_E0986N0082,EU,train,high,2000,44,7,43,6,"(50,100%]",cloudsen12-l2a.0000.part.taco,https://huggingface.co/datasets/tacofoundation/cloudsen12/resolve/f9490f7de11b4f387f72ef800e73ccbb754711de/cloudsen12-l2a.0000.part.taco,812348107,16496816
ROI_14347__20191116T035021_20191116T035654_T47QNC,ROI_14347,ROI_2246,AS5120_E0966N0368,AS,train,high,2000,74,0,18,8,"(10,50%]",cloudsen12-l2a.0000.part.taco,https://huggingface.co/datasets/tacofoundation/cloudsen12/resolve/f9490f7de11b4f387f72ef800e73ccbb754711de/cloudsen12-l2a.0000.part.taco,6642542144,29101501
ROI_14351__20180812T082559_20180812T083732_T36SYJ,ROI_14351,ROI_2250,EU5120_E1340N0126,EU,train,high,2000,31,0,55,14,"(50,100%]",cloudsen12-l2a.0000.part.taco,https://huggingface.co/datasets/tacofoundation/cloudsen12/resolve/f9490f7de11b4f387f72ef800e73ccbb754711de/cloudsen12-l2a.0000.part.taco,6100254561,31416687
ROI_14390__20190810T102029_20190810T102030_T32UPG,ROI_14390,ROI_2289,EU5120_E0990N0489,EU,train,high,2000,23,0,73,4,"(50,100%]",cloudsen12-l2a.0000.part.taco,https://huggingface.co/datasets/tacofoundation/cloudsen12/resolve/f9490f7de11b4f387f72ef800e73ccbb754711de/cloudsen12-l2a.0000.part.taco,5402869508,16955253
ROI_14405__20190607T171909_20190607T172634_T15UUR,ROI_14405,ROI_2304,NA5120_E1642N0900,NA,train,high,2000,53,43,1,3,"(10,50%]",cloudsen12-l2a.0002.part.taco,https://huggingface.co/datasets/tacofoundation/cloudsen12/resolve/f9490f7de11b4f387f72ef800e73ccbb754711de/cloudsen12-l2a.0002.part.taco,17444728857,25796689
ROI_14411__20220610T065631_20220610T065631_T42VXP,ROI_14411,ROI_2310,AS5120_E0614N1304,AS,train,high,2000,66,33,1,0,"(10,50%]",cloudsen12-l2a.0003.part.taco,https://huggingface.co/datasets/tacofoundation/cloudsen12/resolve/f9490f7de11b4f387f72ef800e73ccbb754711de/cloudsen12-l2a.0003.part.taco,295581808,17855423
ROI_14414__20190919T144731_20190919T145509_T19KDV,ROI_14414,ROI_2313,SA5120_E1235N0988,SA,train,high,2000,100,0,0,0,0%,cloudsen12-l2a.0000.part.taco,https://huggingface.co/datasets/tacofoundation/cloudsen12/resolve/f9490f7de11b4f387f72ef800e73ccbb754711de/cloudsen12-l2a.0000.part.taco,2900822186,26648472
ROI_14431__20181009T102021_20181009T102559_T33UUT,ROI_14431,ROI_2330,EU5120_E0987N0400,EU,train,high,2000,35,56,3,6,"(50,100%]",cloudsen12-l2a.0003.part.taco,https://huggingface.co/datasets/tacofoundation/cloudsen12/resolve/f9490f7de11b4f387f72ef800e73ccbb754711de/cloudsen12-l2a.0003.part.taco,1713585300,26202663
ROI_14432__20181009T102021_20181009T102559_T33UUT,ROI_14432,ROI_2331,EU5120_E0990N0398,EU,train,high,2000,55,27,1,17,"(10,50%]",cloudsen12-l2a.0002.part.taco,https://huggingface.co/datasets/tacofoundation/cloudsen12/resolve/f9490f7de11b4f387f72ef800e73ccbb754711de/cloudsen12-l2a.0002.part.taco,19757332102,26051527
ROI_14455__20181228T070301_20181228T071152_T39QWU,ROI_14455,ROI_2354,AF5120_E1729N1387,AF,train,high,2000,100,0,0,0,0%,cloudsen12-l2a.0002.part.taco,https://huggingface.co/datasets/tacofoundation/cloudsen12/resolve/f9490f7de11b4f387f72ef800e73ccbb754711de/cloudsen12-l2a.0002.part.taco,18227813373,27212500
ROI_14497__20171022T094041_20171022T094036_T35WPN,ROI_14497,ROI_2396,EU5120_E1200N0688,EU,train,high,2000,12,1,61,26,"(50,100%]",cloudsen12-l2a.0000.part.taco,https://huggingface.co/datasets/tacofoundation/cloudsen12/resolve/f9490f7de11b4f387f72ef800e73ccbb754711de/cloudsen12-l2a.0000.part.taco,1038964213,28571614
ROI_14503__20190415T221539_20190415T221536_T05WPT,ROI_14503,ROI_2402,NA5120_E1252N1483,NA,train,high,2000,0,0,97,3,"(50,100%]",cloudsen12-l2a.0002.part.taco,https://huggingface.co/datasets/tacofoundation/cloudsen12/resolve/f9490f7de11b4f387f72ef800e73ccbb754711de/cloudsen12-l2a.0002.part.taco,17838067411,22939147
ROI_14506__20181214T045209_20181214T045205_T46UFB,ROI_14506,ROI_2405,AS5120_E0868N1032,AS,train,high,2000,100,0,0,0,0%,cloudsen12-l2a.0003.part.taco,https://huggingface.co/datasets/tacofoundation/cloudsen12/resolve/f9490f7de11b4f387f72ef800e73ccbb754711de/cloudsen12-l2a.0003.part.taco,2321330235,31005194
ROI_14518__20200110T080311_20200110T082729_T35JLF,ROI_14518,ROI_2417,AF5120_E1171N0317,AF,train,high,2000,100,0,0,0,0%,cloudsen12-l2a.0000.part.taco,https://huggingface.co/datasets/tacofoundation/cloudsen12/resolve/f9490f7de11b4f387f72ef800e73ccbb754711de/cloudsen12-l2a.0000.part.taco,983405707,26866346
ROI_14522__20190409T191911_20190409T191912_T24XWS,ROI_14522,ROI_2421,NA5120_E1764N1690,NA,train,high,2000,70,0,5,25,"(10,50%]",cloudsen12-l2a.0000.part.taco,https://huggingface.co/datasets/tacofoundation/cloudsen12/resolve/f9490f7de11b4f387f72ef800e73ccbb754711de/cloudsen12-l2a.0000.part.taco,1847746202,26236857
ROI_14549__20190608T092031_20190608T092031_T36VVR,ROI_14549,ROI_2448,EU5120_E1218N0644,EU,train,high,2000,41,3,36,20,"(50,100%]",cloudsen12-l2a.0002.part.taco,https://huggingface.co/datasets/tacofoundation/cloudsen12/resolve/f9490f7de11b4f387f72ef800e73ccbb754711de/cloudsen12-l2a.0002.part.taco,16350432758,26650120
ROI_14642__20190820T015659_20190820T015658_T56WPD,ROI_14642,ROI_2541,AS5120_E1235N1653,AS,train,high,2000,18,79,0,3,"(50,100%]",cloudsen12-l2a.0002.part.taco,https://huggingface.co/datasets/tacofoundation/cloudsen12/resolve/f9490f7de11b4f387f72ef800e73ccbb754711de/cloudsen12-l2a.0002.part.taco,17268413406,24228285
ROI_14650__20191207T010719_20191207T010721_T54MUC,ROI_14650,ROI_2549,OC5120_E1552N1869,OC,train,high,2000,0,0,98,2,"(50,100%]",cloudsen12-l2a.0003.part.taco,https://huggingface.co/datasets/tacofoundation/cloudsen12/resolve/f9490f7de11b4f387f72ef800e73ccbb754711de/cloudsen12-l2a.0003.part.taco,2645713321,18549819
ROI_14654__20190923T164009_20190923T164011_T21XWD,ROI_14654,ROI_2553,NA5120_E1840N1522,NA,train,high,2000,0,0,96,4,"(50,100%]",cloudsen12-l2a.0000.part.taco,https://huggingface.co/datasets/tacofoundation/cloudsen12/resolve/f9490f7de11b4f387f72ef800e73ccbb754711de/cloudsen12-l2a.0000.part.taco,6502016621,23556583
ROI_14667__20200213T014759_20200213T014757_T54VXN,ROI_14667,ROI_2566,AS5120_E1339N1424,AS,train,high,2000,100,0,0,0,0%,cloudsen12-l2a.0000.part.taco,https://huggingface.co/datasets/tacofoundation/cloudsen12/resolve/f9490f7de11b4f387f72ef800e73ccbb754711de/cloudsen12-l2a.0000.part.taco,7403241925,31500955
ROI_14679__20190119T024021_20190119T024024_T52VEL,ROI_14679,ROI_2578,AS5120_E1246N1297,AS,train,high,2000,18,82,0,0,"(50,100%]",cloudsen12-l2a.0003.part.taco,https://huggingface.co/datasets/tacofoundation/cloudsen12/resolve/f9490f7de11b4f387f72ef800e73ccbb754711de/cloudsen12-l2a.0003.part.taco,395157860,27573819
ROI_14695__20190827T143751_20190827T144606_T19KET,ROI_14695,ROI_2594,SA5120_E1245N0958,SA,train,high,2000,100,0,0,0,0%,cloudsen12-l2a.0000.part.taco,https://huggingface.co/datasets/tacofoundation/cloudsen12/resolve/f9490f7de11b4f387f72ef800e73ccbb754711de/cloudsen12-l2a.0000.part.taco,4262757127,21940450
ROI_14699__20190724T143931_20190724T143928_T27XVG,ROI_14699,ROI_2598,NA5120_E1889N1691,NA,train,high,2000,15,1,44,40,"(50,100%]",cloudsen12-l2a.0003.part.taco,https://huggingface.co/datasets/tacofoundation/cloudsen12/resolve/f9490f7de11b4f387f72ef800e73ccbb754711de/cloudsen12-l2a.0003.part.taco,1840497300,27447048
ROI_14700__20190724T143931_20190724T143928_T27XVG,ROI_14700,ROI_2599,NA5120_E1880N1695,NA,train,high,2000,15,7,40,38,"(50,100%]",cloudsen12-l2a.0000.part.taco,https://huggingface.co/datasets/tacofoundation/cloudsen12/resolve/f9490f7de11b4f387f72ef800e73ccbb754711de/cloudsen12-l2a.0000.part.taco,3303355796,27994846
ROI_14708__20200620T234631_20200620T234628_T60VVR,ROI_14708,ROI_2607,AS5120_E1459N1734,AS,train,high,2000,89,11,0,0,"(10,50%]",cloudsen12-l2a.0003.part.taco,https://huggingface.co/datasets/tacofoundation/cloudsen12/resolve/f9490f7de11b4f387f72ef800e73ccbb754711de/cloudsen12-l2a.0003.part.taco,3322502632,26298047
ROI_14731__20190803T170859_20190803T172433_T14RNV,ROI_14731,ROI_2630,NA5120_E1604N0499,NA,train,high,2000,0,0,98,2,"(50,100%]",cloudsen12-l2a.0002.part.taco,https://huggingface.co/datasets/tacofoundation/cloudsen12/resolve/f9490f7de11b4f387f72ef800e73ccbb754711de/cloudsen12-l2a.0002.part.taco,15353977883,17835049
ROI_14732__20190803T170859_20190803T172433_T14RNV,ROI_14732,ROI_2631,NA5120_E1605N0495,NA,train,high,2000,10,0,90,0,"(50,100%]",cloudsen12-l2a.0000.part.taco,https://huggingface.co/datasets/tacofoundation/cloudsen12/resolve/f9490f7de11b4f387f72ef800e73ccbb754711de/cloudsen12-l2a.0000.part.taco,4205154705,16310679
ROI_14751__20180628T092029_20180628T092027_T36VVR,ROI_14751,ROI_2650,EU5120_E1216N0657,EU,train,high,2000,52,16,26,6,"(10,50%]",cloudsen12-l2a.0000.part.taco,https://huggingface.co/datasets/tacofoundation/cloudsen12/resolve/f9490f7de11b4f387f72ef800e73ccbb754711de/cloudsen12-l2a.0000.part.taco,5984907272,20660698
ROI_14753__20210325T034539_20210325T034533_T52WDC,ROI_14753,ROI_2652,AS5120_E1090N1497,AS,train,high,2000,100,0,0,0,0%,cloudsen12-l2a.0000.part.taco,https://huggingface.co/datasets/tacofoundation/cloudsen12/resolve/f9490f7de11b4f387f72ef800e73ccbb754711de/cloudsen12-l2a.0000.part.taco,6302298542,32885113
ROI_14756__20210218T043829_20210218T044429_T46UFU,ROI_14756,ROI_2655,AS5120_E0872N0957,AS,train,high,2000,100,0,0,0,0%,cloudsen12-l2a.0000.part.taco,https://huggingface.co/datasets/tacofoundation/cloudsen12/resolve/f9490f7de11b4f387f72ef800e73ccbb754711de/cloudsen12-l2a.0000.part.taco,4878544399,25211289
ROI_14813__20190206T102211_20190206T102327_T33UUT,ROI_14813,ROI_2712,EU5120_E0982N0398,EU,train,high,2000,23,77,0,0,"(50,100%]",cloudsen12-l2a.0003.part.taco,https://huggingface.co/datasets/tacofoundation/cloudsen12/resolve/f9490f7de11b4f387f72ef800e73ccbb754711de/cloudsen12-l2a.0003.part.taco,696569089,25636385
ROI_14814__20190206T102211_20190206T102327_T33UUT,ROI_14814,ROI_2713,EU5120_E0984N0410,EU,train,high,2000,14,72,14,0,"(50,100%]",cloudsen12-l2a.0002.part.taco,https://huggingface.co/datasets/tacofoundation/cloudsen12/resolve/f9490f7de11b4f387f72ef800e73ccbb754711de/cloudsen12-l2a.0002.part.taco,18823650020,22638101
ROI_14835__20200518T000621_20200518T000616_T60WVA,ROI_14835,ROI_2734,AS5120_E1367N1750,AS,train,high,2000,2,21,49,28,"(50,100%]",cloudsen12-l2a.0002.part.taco,https://huggingface.co/datasets/tacofoundation/cloudsen12/resolve/f9490f7de11b4f387f72ef800e73ccbb754711de/cloudsen12-l2a.0002.part.taco,19336709450,26217431
ROI_14841__20190909T102029_20190909T102024_T33VWC,ROI_14841,ROI_2740,EU5120_E1036N0489,EU,train,high,2000,6,5,77,12,"(50,100%]",cloudsen12-l2a.0002.part.taco,https://huggingface.co/datasets/tacofoundation/cloudsen12/resolve/f9490f7de11b4f387f72ef800e73ccbb754711de/cloudsen12-l2a.0002.part.taco,17328341179,27579952
ROI_14850__20190916T041551_20190916T041548_T47UQP,ROI_14850,ROI_2749,AS5120_E0965N0975,AS,train,high,2000,37,10,12,41,"(50,100%]",cloudsen12-l2a.0003.part.taco,https://huggingface.co/datasets/tacofoundation/cloudsen12/resolve/f9490f7de11b4f387f72ef800e73ccbb754711de/cloudsen12-l2a.0003.part.taco,81862119,24931120
ROI_14874__20190505T084609_20190505T085250_T35SQC,ROI_14874,ROI_2773,EU5120_E1240N0096,EU,train,high,2000,5,9,78,8,"(50,100%]",cloudsen12-l2a.0000.part.taco,https://huggingface.co/datasets/tacofoundation/cloudsen12/resolve/f9490f7de11b4f387f72ef800e73ccbb754711de/cloudsen12-l2a.0000.part.taco,4309844876,25173976
ROI_14880__20200214T132229_20200214T132228_T23LLH,ROI_14880,ROI_2779,SA5120_E1716N1139,SA,train,high,2000,20,27,36,17,"(50,100%]",cloudsen12-l2a.0003.part.taco,https://huggingface.co/datasets/tacofoundation/cloudsen12/resolve/f9490f7de11b4f387f72ef800e73ccbb754711de/cloudsen12-l2a.0003.part.taco,1452715287,22817662
ROI_14883__20190408T080611_20190408T080934_T36QYH,ROI_14883,ROI_2782,AF5120_E1381N1436,AF,train,high,2000,70,4,6,20,"(10,50%]",cloudsen12-l2a.0003.part.taco,https://huggingface.co/datasets/tacofoundation/cloudsen12/resolve/f9490f7de11b4f387f72ef800e73ccbb754711de/cloudsen12-l2a.0003.part.taco,4077226509,24092531
ROI_14887__20180424T105651_20180424T110609_T30UYV,ROI_14887,ROI_2786,EU5120_E0810N0393,EU,train,high,2000,7,0,91,2,"(50,100%]",cloudsen12-l2a.0003.part.taco,https://huggingface.co/datasets/tacofoundation/cloudsen12/resolve/f9490f7de11b4f387f72ef800e73ccbb754711de/cloudsen12-l2a.0003.part.taco,2703677293,25801381
ROI_14889__20180424T105651_20180424T110609_T30UYV,ROI_14889,ROI_2788,EU5120_E0816N0373,EU,train,high,2000,66,21,8,5,"(10,50%]",cloudsen12-l2a.0000.part.taco,https://huggingface.co/datasets/tacofoundation/cloudsen12/resolve/f9490f7de11b4f387f72ef800e73ccbb754711de/cloudsen12-l2a.0000.part.taco,3921635217,25510743
ROI_14911__20190222T172321_20190222T172322_T15UWT,ROI_14911,ROI_2810,NA5120_E1679N0958,NA,train,high,2000,31,2,42,25,"(50,100%]",cloudsen12-l2a.0000.part.taco,https://huggingface.co/datasets/tacofoundation/cloudsen12/resolve/f9490f7de11b4f387f72ef800e73ccbb754711de/cloudsen12-l2a.0000.part.taco,3464845662,27703971
ROI_14939__20191027T043859_20191027T043857_T46TGT,ROI_14939,ROI_2838,AS5120_E0883N0938,AS,train,high,2000,100,0,0,0,0%,cloudsen12-l2a.0000.part.taco,https://huggingface.co/datasets/tacofoundation/cloudsen12/resolve/f9490f7de11b4f387f72ef800e73ccbb754711de/cloudsen12-l2a.0000.part.taco,2779561253,26282364
ROI_14950__20190807T073621_20190807T075530_T37MBM,ROI_14950,ROI_2849,AF5120_E1422N0812,AF,train,high,2000,57,13,19,11,"(10,50%]",cloudsen12-l2a.0002.part.taco,https://huggingface.co/datasets/tacofoundation/cloudsen12/resolve/f9490f7de11b4f387f72ef800e73ccbb754711de/cloudsen12-l2a.0002.part.taco,16831105601,18611513
ROI_15004__20210507T131301_20210507T131256_T27WWM,ROI_15004,ROI_2903,EU5120_E0756N0791,EU,train,high,2000,100,0,0,0,0%,cloudsen12-l2a.0000.part.taco,https://huggingface.co/datasets/tacofoundation/cloudsen12/resolve/f9490f7de11b4f387f72ef800e73ccbb754711de/cloudsen12-l2a.0000.part.taco,3797705080,27908435
ROI_15015__20200303T163151_20200303T163152_T21XWD,ROI_15015,ROI_2914,NA5120_E1840N1520,NA,train,high,2000,100,0,0,0,0%,cloudsen12-l2a.0000.part.taco,https://huggingface.co/datasets/tacofoundation/cloudsen12/resolve/f9490f7de11b4f387f72ef800e73ccbb754711de/cloudsen12-l2a.0000.part.taco,7882930877,27422908
ROI_15032__20200802T043709_20200802T043815_T46UFV,ROI_15032,ROI_2931,AS5120_E0855N0978,AS,train,high,2000,100,0,0,0,0%,cloudsen12-l2a.0000.part.taco,https://huggingface.co/datasets/tacofoundation/cloudsen12/resolve/f9490f7de11b4f387f72ef800e73ccbb754711de/cloudsen12-l2a.0000.part.taco,3825613515,23391321
ROI_15043__20200504T175909_20200504T175908_T26XNR,ROI_15043,ROI_2942,NA5120_E1797N1719,NA,train,high,2000,100,0,0,0,0%,cloudsen12-l2a.0002.part.taco,https://huggingface.co/datasets/tacofoundation/cloudsen12/resolve/f9490f7de11b4f387f72ef800e73ccbb754711de/cloudsen12-l2a.0002.part.taco,15877954718,33833370
ROI_15055__20200225T100021_20200225T100021_T35VML,ROI_15055,ROI_2954,EU5120_E1160N0641,EU,train,high,2000,100,0,0,0,0%,cloudsen12-l2a.0000.part.taco,https://huggingface.co/datasets/tacofoundation/cloudsen12/resolve/f9490f7de11b4f387f72ef800e73ccbb754711de/cloudsen12-l2a.0000.part.taco,1218451189,32193307
ROI_15121__20200417T153911_20200417T153906_T23XME,ROI_15121,ROI_3020,NA5120_E1858N1572,NA,train,high,2000,6,54,0,40,"(50,100%]",cloudsen12-l2a.0002.part.taco,https://huggingface.co/datasets/tacofoundation/cloudsen12/resolve/f9490f7de11b4f387f72ef800e73ccbb754711de/cloudsen12-l2a.0002.part.taco,15316734271,20070074
ROI_15133__20200617T092029_20200617T092522_T35ULQ,ROI_15133,ROI_3032,EU5120_E1150N0324,EU,train,high,2000,6,1,86,7,"(50,100%]",cloudsen12-l2a.0000.part.taco,https://huggingface.co/datasets/tacofoundation/cloudsen12/resolve/f9490f7de11b4f387f72ef800e73ccbb754711de/cloudsen12-l2a.0000.part.taco,3701039829,27561494
ROI_15140__20190120T112409_20190120T112403_T29TNF,ROI_15140,ROI_3039,EU5120_E0608N0263,EU,train,high,2000,37,0,53,10,"(50,100%]",cloudsen12-l2a.0002.part.taco,https://huggingface.co/datasets/tacofoundation/cloudsen12/resolve/f9490f7de11b4f387f72ef800e73ccbb754711de/cloudsen12-l2a.0002.part.taco,16377082878,17678456
ROI_15150__20180403T080611_20180403T081214_T37TGH,ROI_15150,ROI_3049,EU5120_E1419N0232,EU,train,high,2000,3,0,88,9,"(50,100%]",cloudsen12-l2a.0002.part.taco,https://huggingface.co/datasets/tacofoundation/cloudsen12/resolve/f9490f7de11b4f387f72ef800e73ccbb754711de/cloudsen12-l2a.0002.part.taco,15825684645,29434018
ROI_15171__20200129T083211_20200129T083246_T36SWH,ROI_15171,ROI_3070,EU5120_E1307N0109,EU,train,high,2000,8,0,81,11,"(50,100%]",cloudsen12-l2a.0002.part.taco,https://huggingface.co/datasets/tacofoundation/cloudsen12/resolve/f9490f7de11b4f387f72ef800e73ccbb754711de/cloudsen12-l2a.0002.part.taco,15635051270,29022844
ROI_15187__20190519T155911_20190519T161919_T16PEU,ROI_15187,ROI_3086,NA5120_E1860N0095,NA,train,high,2000,88,0,6,6,"(10,50%]",cloudsen12-l2a.0000.part.taco,https://huggingface.co/datasets/tacofoundation/cloudsen12/resolve/f9490f7de11b4f387f72ef800e73ccbb754711de/cloudsen12-l2a.0000.part.taco,4221465384,16279751
ROI_15207__20191216T141041_20191216T142040_T20HLC,ROI_15207,ROI_3106,SA5120_E1336N0554,SA,train,high,2000,100,0,0,0,0%,cloudsen12-l2a.0000.part.taco,https://huggingface.co/datasets/tacofoundation/cloudsen12/resolve/f9490f7de11b4f387f72ef800e73ccbb754711de/cloudsen12-l2a.0000.part.taco,6177311978,26110755
ROI_15211__20191216T141041_20191216T142040_T20HLC,ROI_15211,ROI_3110,SA5120_E1353N0554,SA,train,high,2000,50,15,15,20,"(10,50%]",cloudsen12-l2a.0000.part.taco,https://huggingface.co/datasets/tacofoundation/cloudsen12/resolve/f9490f7de11b4f387f72ef800e73ccbb754711de/cloudsen12-l2a.0000.part.taco,4624663006,20921662
ROI_15217__20210705T233741_20210705T233737_T22XEK,ROI_15217,ROI_3116,NA5120_E1847N1561,NA,train,high,2000,0,0,88,12,"(50,100%]",cloudsen12-l2a.0003.part.taco,https://huggingface.co/datasets/tacofoundation/cloudsen12/resolve/f9490f7de11b4f387f72ef800e73ccbb754711de/cloudsen12-l2a.0003.part.taco,57756621,24105498
ROI_15230__20171213T102431_20171213T102425_T32UPE,ROI_15230,ROI_3129,EU5120_E0974N0447,EU,train,high,2000,21,74,5,0,"(50,100%]",cloudsen12-l2a.0003.part.taco,https://huggingface.co/datasets/tacofoundation/cloudsen12/resolve/f9490f7de11b4f387f72ef800e73ccbb754711de/cloudsen12-l2a.0003.part.taco,1814499869,25997431
ROI_15234__20210921T102639_20210921T103633_T31SFV,ROI_15234,ROI_3133,AF5120_E0782N1782,AF,train,high,2000,45,0,55,0,"(50,100%]",cloudsen12-l2a.0002.part.taco,https://huggingface.co/datasets/tacofoundation/cloudsen12/resolve/f9490f7de11b4f387f72ef800e73ccbb754711de/cloudsen12-l2a.0002.part.taco,15092206076,10554010
ROI_15248__20200608T154549_20200608T155000_T17NRJ,ROI_15248,ROI_3147,SA5120_E1026N1550,SA,train,high,2000,68,0,26,6,"(10,50%]",cloudsen12-l2a.0003.part.taco,https://huggingface.co/datasets/tacofoundation/cloudsen12/resolve/f9490f7de11b4f387f72ef800e73ccbb754711de/cloudsen12-l2a.0003.part.taco,3348800679,20929247
ROI_15275__20190213T083041_20190213T085235_T34KBA,ROI_15275,ROI_3174,AF5120_E1035N0516,AF,train,high,2000,51,0,48,1,"(10,50%]",cloudsen12-l2a.0003.part.taco,https://huggingface.co/datasets/tacofoundation/cloudsen12/resolve/f9490f7de11b4f387f72ef800e73ccbb754711de/cloudsen12-l2a.0003.part.taco,2021585847,12606940
ROI_15284__20210618T141051_20210618T141046_T21NWB,ROI_15284,ROI_3183,SA5120_E1501N1423,SA,train,high,2000,57,0,34,9,"(10,50%]",cloudsen12-l2a.0003.part.taco,https://huggingface.co/datasets/tacofoundation/cloudsen12/resolve/f9490f7de11b4f387f72ef800e73ccbb754711de/cloudsen12-l2a.0003.part.taco,909947000,15027002
ROI_15296__20191229T031129_20191229T031127_T50UPB,ROI_15296,ROI_3195,AS5120_E1182N1077,AS,train,high,2000,100,0,0,0,0%,cloudsen12-l2a.0002.part.taco,https://huggingface.co/datasets/tacofoundation/cloudsen12/resolve/f9490f7de11b4f387f72ef800e73ccbb754711de/cloudsen12-l2a.0002.part.taco,15209687401,32142980
ROI_15302__20171210T083331_20171210T083717_T36SWH,ROI_15302,ROI_3201,EU5120_E1295N0111,EU,train,high,2000,95,1,1,3,"(0,10%]",cloudsen12-l2a.0000.part.taco,https://huggingface.co/datasets/tacofoundation/cloudsen12/resolve/f9490f7de11b4f387f72ef800e73ccbb754711de/cloudsen12-l2a.0000.part.taco,496941580,23342728
ROI_15303__20171210T083331_20171210T083717_T36SWH,ROI_15303,ROI_3202,EU5120_E1299N0105,EU,train,high,2000,54,3,21,22,"(10,50%]",cloudsen12-l2a.0000.part.taco,https://huggingface.co/datasets/tacofoundation/cloudsen12/resolve/f9490f7de11b4f387f72ef800e73ccbb754711de/cloudsen12-l2a.0000.part.taco,2873559917,27262269
ROI_15306__20171210T083331_20171210T083717_T36SWH,ROI_15306,ROI_3205,EU5120_E1303N0109,EU,train,high,2000,35,5,39,21,"(50,100%]",cloudsen12-l2a.0000.part.taco,https://huggingface.co/datasets/tacofoundation/cloudsen12/resolve/f9490f7de11b4f387f72ef800e73ccbb754711de/cloudsen12-l2a.0000.part.taco,2663668312,26063999
ROI_15309__20220912T045711_20220912T050923_T45RTQ,ROI_15309,ROI_3208,AS5120_E0660N0605,AS,train,high,2000,96,0,2,2,"(0,10%]",cloudsen12-l2a.0000.part.taco,https://huggingface.co/datasets/tacofoundation/cloudsen12/resolve/f9490f7de11b4f387f72ef800e73ccbb754711de/cloudsen12-l2a.0000.part.taco,425826916,18585229
ROI_15337__20191112T050029_20191112T051519_T44NMM,ROI_15337,ROI_3236,AS5120_E0526N0072,AS,train,high,2000,70,0,25,5,"(10,50%]",cloudsen12-l2a.0000.part.taco,https://huggingface.co/datasets/tacofoundation/cloudsen12/resolve/f9490f7de11b4f387f72ef800e73ccbb754711de/cloudsen12-l2a.0000.part.taco,6230640358,21451528
ROI_15343__20210429T075609_20210429T082141_T35JMK,ROI_15343,ROI_3242,AF5120_E1207N0380,AF,train,high,2000,100,0,0,0,0%,cloudsen12-l2a.0000.part.taco,https://huggingface.co/datasets/tacofoundation/cloudsen12/resolve/f9490f7de11b4f387f72ef800e73ccbb754711de/cloudsen12-l2a.0000.part.taco,1435379179,28165985
ROI_15345__20210429T075609_20210429T082141_T35JMK,ROI_15345,ROI_3244,AF5120_E1209N0397,AF,train,high,2000,100,0,0,0,0%,cloudsen12-l2a.0000.part.taco,https://huggingface.co/datasets/tacofoundation/cloudsen12/resolve/f9490f7de11b4f387f72ef800e73ccbb754711de/cloudsen12-l2a.0000.part.taco,2050749567,26371083
ROI_15399__20190903T040541_20190903T040544_T50WMT,ROI_15399,ROI_3298,AS5120_E1042N1371,AS,train,high,2000,6,2,73,19,"(50,100%]",cloudsen12-l2a.0003.part.taco,https://huggingface.co/datasets/tacofoundation/cloudsen12/resolve/f9490f7de11b4f387f72ef800e73ccbb754711de/cloudsen12-l2a.0003.part.taco,2809878456,25298159
ROI_15505__20190817T143751_20190817T144614_T19JDK,ROI_15505,ROI_3404,SA5120_E1245N0787,SA,train,high,2000,100,0,0,0,0%,cloudsen12-l2a.0002.part.taco,https://huggingface.co/datasets/tacofoundation/cloudsen12/resolve/f9490f7de11b4f387f72ef800e73ccbb754711de/cloudsen12-l2a.0002.part.taco,17541190109,28191762
ROI_15507__20190817T143751_20190817T144614_T19JDK,ROI_15507,ROI_3406,SA5120_E1248N0787,SA,train,high,2000,92,8,0,0,"(0,10%]",cloudsen12-l2a.0003.part.taco,https://huggingface.co/datasets/tacofoundation/cloudsen12/resolve/f9490f7de11b4f387f72ef800e73ccbb754711de/cloudsen12-l2a.0003.part.taco,3509222539,28228024
ROI_15535__20190825T160829_20190825T160830_T27XVL,ROI_15535,ROI_3434,NA5120_E1801N1723,NA,train,high,2000,68,32,0,0,"(10,50%]",cloudsen12-l2a.0000.part.taco,https://huggingface.co/datasets/tacofoundation/cloudsen12/resolve/f9490f7de11b4f387f72ef800e73ccbb754711de/cloudsen12-l2a.0000.part.taco,1728526552,26408084
ROI_15547__20180220T100029_20180220T100520_T32SPB,ROI_15547,ROI_3446,AF5120_E0902N1700,AF,train,high,2000,100,0,0,0,0%,cloudsen12-l2a.0000.part.taco,https://huggingface.co/datasets/tacofoundation/cloudsen12/resolve/f9490f7de11b4f387f72ef800e73ccbb754711de/cloudsen12-l2a.0000.part.taco,7841961752,27506841
ROI_15556__20210419T025539_20210419T031254_T48MYT,ROI_15556,ROI_3455,OC5120_E0838N1749,OC,train,high,2000,37,9,40,14,"(50,100%]",cloudsen12-l2a.0003.part.taco,https://huggingface.co/datasets/tacofoundation/cloudsen12/resolve/f9490f7de11b4f387f72ef800e73ccbb754711de/cloudsen12-l2a.0003.part.taco,272756442,22825366
ROI_15559__20200302T060749_20200302T060744_T45XXA,ROI_15559,ROI_3458,AS5120_E0824N1502,AS,train,high,2000,0,0,88,12,"(50,100%]",cloudsen12-l2a.0000.part.taco,https://huggingface.co/datasets/tacofoundation/cloudsen12/resolve/f9490f7de11b4f387f72ef800e73ccbb754711de/cloudsen12-l2a.0000.part.taco,2753039161,26522092
ROI_15605__20190424T101031_20190424T101032_T32UQU,ROI_15605,ROI_3504,EU5120_E0970N0332,EU,train,high,2000,44,56,0,0,"(50,100%]",cloudsen12-l2a.0000.part.taco,https://huggingface.co/datasets/tacofoundation/cloudsen12/resolve/f9490f7de11b4f387f72ef800e73ccbb754711de/cloudsen12-l2a.0000.part.taco,1568023069,27234642
ROI_15631__20200219T112111_20200219T112435_T29TPE,ROI_15631,ROI_3530,EU5120_E0632N0231,EU,train,high,2000,100,0,0,0,0%,cloudsen12-l2a.0000.part.taco,https://huggingface.co/datasets/tacofoundation/cloudsen12/resolve/f9490f7de11b4f387f72ef800e73ccbb754711de/cloudsen12-l2a.0000.part.taco,140551021,28136862
ROI_15635__20190116T004951_20190116T004951_T57VXE,ROI_15635,ROI_3534,AS5120_E1509N1525,AS,train,high,2000,100,0,0,0,0%,cloudsen12-l2a.0003.part.taco,https://huggingface.co/datasets/tacofoundation/cloudsen12/resolve/f9490f7de11b4f387f72ef800e73ccbb754711de/cloudsen12-l2a.0003.part.taco,4018865839,31722685
ROI_15681__20191009T015659_20191009T015653_T56WPD,ROI_15681,ROI_3580,AS5120_E1240N1650,AS,train,high,2000,100,0,0,0,0%,cloudsen12-l2a.0002.part.taco,https://huggingface.co/datasets/tacofoundation/cloudsen12/resolve/f9490f7de11b4f387f72ef800e73ccbb754711de/cloudsen12-l2a.0002.part.taco,18929081054,30233773
ROI_15697__20191021T160309_20191021T160502_T18TUM,ROI_15697,ROI_3596,NA5120_E1939N0784,NA,train,high,2000,100,0,0,0,0%,cloudsen12-l2a.0003.part.taco,https://huggingface.co/datasets/tacofoundation/cloudsen12/resolve/f9490f7de11b4f387f72ef800e73ccbb754711de/cloudsen12-l2a.0003.part.taco,2729478674,29071213
ROI_15700__20191016T215529_20191016T215530_T06WVA,ROI_15700,ROI_3599,NA5120_E1233N1455,NA,train,high,2000,100,0,0,0,0%,cloudsen12-l2a.0002.part.taco,https://huggingface.co/datasets/tacofoundation/cloudsen12/resolve/f9490f7de11b4f387f72ef800e73ccbb754711de/cloudsen12-l2a.0002.part.taco,18467373195,31279225
ROI_15712__20200206T184539_20200206T184538_T12VWQ,ROI_15712,ROI_3611,NA5120_E1488N1198,NA,train,high,2000,16,43,0,41,"(50,100%]",cloudsen12-l2a.0000.part.taco,https://huggingface.co/datasets/tacofoundation/cloudsen12/resolve/f9490f7de11b4f387f72ef800e73ccbb754711de/cloudsen12-l2a.0000.part.taco,2252872462,22321013
ROI_15715__20190107T102411_20190107T103313_T30NYP,ROI_15715,ROI_3614,AF5120_E0611N1172,AF,train,high,2000,33,10,24,33,"(50,100%]",cloudsen12-l2a.0000.part.taco,https://huggingface.co/datasets/tacofoundation/cloudsen12/resolve/f9490f7de11b4f387f72ef800e73ccbb754711de/cloudsen12-l2a.0000.part.taco,6153916462,23395516
ROI_15735__20190601T110621_20190601T111704_T30TTL,ROI_15735,ROI_3634,EU5120_E0659N0242,EU,train,high,2000,100,0,0,0,0%,cloudsen12-l2a.0003.part.taco,https://huggingface.co/datasets/tacofoundation/cloudsen12/resolve/f9490f7de11b4f387f72ef800e73ccbb754711de/cloudsen12-l2a.0003.part.taco,3005758261,28507329
ROI_15736__20180824T100031_20180824T100141_T33STC,ROI_15736,ROI_3635,EU5120_E0937N0110,EU,train,high,2000,88,1,7,4,"(10,50%]",cloudsen12-l2a.0000.part.taco,https://huggingface.co/datasets/tacofoundation/cloudsen12/resolve/f9490f7de11b4f387f72ef800e73ccbb754711de/cloudsen12-l2a.0000.part.taco,7668128072,20604360
ROI_15749__20220715T083609_20220715T090315_T33JXK,ROI_15749,ROI_3648,AF5120_E1005N0385,AF,train,high,2000,100,0,0,0,0%,cloudsen12-l2a.0000.part.taco,https://huggingface.co/datasets/tacofoundation/cloudsen12/resolve/f9490f7de11b4f387f72ef800e73ccbb754711de/cloudsen12-l2a.0000.part.taco,7239577063,29303145
ROI_15751__20220313T095031_20220313T095033_T36WVA,ROI_15751,ROI_3650,EU5120_E1213N0754,EU,train,high,2000,100,0,0,0,0%,cloudsen12-l2a.0003.part.taco,https://huggingface.co/datasets/tacofoundation/cloudsen12/resolve/f9490f7de11b4f387f72ef800e73ccbb754711de/cloudsen12-l2a.0003.part.taco,2206864860,27410033
ROI_15793__20200622T032539_20200622T032539_T50UMA,ROI_15793,ROI_3692,AS5120_E1150N1056,AS,train,high,2000,85,1,7,7,"(10,50%]",cloudsen12-l2a.0002.part.taco,https://huggingface.co/datasets/tacofoundation/cloudsen12/resolve/f9490f7de11b4f387f72ef800e73ccbb754711de/cloudsen12-l2a.0002.part.taco,17383990291,24760274
ROI_15796__20190221T102039_20190221T103744_T30PZR,ROI_15796,ROI_3695,AF5120_E0643N1204,AF,train,high,2000,43,23,17,17,"(50,100%]",cloudsen12-l2a.0003.part.taco,https://huggingface.co/datasets/tacofoundation/cloudsen12/resolve/f9490f7de11b4f387f72ef800e73ccbb754711de/cloudsen12-l2a.0003.part.taco,3236672517,25443684
ROI_15857__20190428T162901_20190428T163646_T16TFN,ROI_15857,ROI_3756,NA5120_E1818N0769,NA,train,high,2000,73,27,0,0,"(10,50%]",cloudsen12-l2a.0002.part.taco,https://huggingface.co/datasets/tacofoundation/cloudsen12/resolve/f9490f7de11b4f387f72ef800e73ccbb754711de/cloudsen12-l2a.0002.part.taco,17771414275,29082031
ROI_15859__20190416T172901_20190416T173046_T17WPU,ROI_15859,ROI_3758,NA5120_E1764N1390,NA,train,high,2000,67,12,5,16,"(10,50%]",cloudsen12-l2a.0000.part.taco,https://huggingface.co/datasets/tacofoundation/cloudsen12/resolve/f9490f7de11b4f387f72ef800e73ccbb754711de/cloudsen12-l2a.0000.part.taco,7688732432,17910378
ROI_15866__20191218T025121_20191218T030656_T49MCV,ROI_15866,ROI_3765,OC5120_E0878N1875,OC,train,high,2000,2,3,88,7,"(50,100%]",cloudsen12-l2a.0002.part.taco,https://huggingface.co/datasets/tacofoundation/cloudsen12/resolve/f9490f7de11b4f387f72ef800e73ccbb754711de/cloudsen12-l2a.0002.part.taco,17800496306,23893360
ROI_15868__20190522T140059_20190522T140101_T20JQM,ROI_15868,ROI_3767,SA5120_E1416N0741,SA,train,high,2000,0,0,97,3,"(50,100%]",cloudsen12-l2a.0000.part.taco,https://huggingface.co/datasets/tacofoundation/cloudsen12/resolve/f9490f7de11b4f387f72ef800e73ccbb754711de/cloudsen12-l2a.0000.part.taco,1542622718,25400351
ROI_15874__20190623T055649_20190623T060009_T44WPV,ROI_15874,ROI_3773,AS5120_E0770N1380,AS,train,high,2000,23,68,1,8,"(50,100%]",cloudsen12-l2a.0000.part.taco,https://huggingface.co/datasets/tacofoundation/cloudsen12/resolve/f9490f7de11b4f387f72ef800e73ccbb754711de/cloudsen12-l2a.0000.part.taco,2595203168,25740740
ROI_15904__20190828T202851_20190828T202851_T17XNK,ROI_15904,ROI_3803,NA5120_E1683N1575,NA,train,high,2000,74,10,4,12,"(10,50%]",cloudsen12-l2a.0000.part.taco,https://huggingface.co/datasets/tacofoundation/cloudsen12/resolve/f9490f7de11b4f387f72ef800e73ccbb754711de/cloudsen12-l2a.0000.part.taco,1463545164,29407791
ROI_15940__20191101T025841_20191101T030255_T51UWQ,ROI_15940,ROI_3839,AS5120_E1256N1071,AS,train,high,2000,62,17,6,15,"(10,50%]",cloudsen12-l2a.0000.part.taco,https://huggingface.co/datasets/tacofoundation/cloudsen12/resolve/f9490f7de11b4f387f72ef800e73ccbb754711de/cloudsen12-l2a.0000.part.taco,7434742880,27712024
ROI_15943__20190430T112119_20190430T112939_T29TPE,ROI_15943,ROI_3842,EU5120_E0638N0236,EU,train,high,2000,100,0,0,0,0%,cloudsen12-l2a.0002.part.taco,https://huggingface.co/datasets/tacofoundation/cloudsen12/resolve/f9490f7de11b4f387f72ef800e73ccbb754711de/cloudsen12-l2a.0002.part.taco,19957077287,26338882
ROI_15948__20191201T000241_20191201T000239_T56HKJ,ROI_15948,ROI_3847,OC5120_E1708N1187,OC,train,high,2000,48,43,6,3,"(50,100%]",cloudsen12-l2a.0002.part.taco,https://huggingface.co/datasets/tacofoundation/cloudsen12/resolve/f9490f7de11b4f387f72ef800e73ccbb754711de/cloudsen12-l2a.0002.part.taco,16166027860,26556400
ROI_15957__20190419T050659_20190419T051908_T44SQB,ROI_15957,ROI_3856,AS5120_E0660N0647,AS,train,high,2000,43,0,50,7,"(50,100%]",cloudsen12-l2a.0003.part.taco,https://huggingface.co/datasets/tacofoundation/cloudsen12/resolve/f9490f7de11b4f387f72ef800e73ccbb754711de/cloudsen12-l2a.0003.part.taco,596484374,26996431
ROI_15964__20180209T112221_20180209T112217_T30UXC,ROI_15964,ROI_3863,EU5120_E0803N0446,EU,train,high,2000,22,0,76,2,"(50,100%]",cloudsen12-l2a.0000.part.taco,https://huggingface.co/datasets/tacofoundation/cloudsen12/resolve/f9490f7de11b4f387f72ef800e73ccbb754711de/cloudsen12-l2a.0000.part.taco,7910353785,20412069
ROI_15966__20190220T160509_20190220T160803_T17PKL,ROI_15966,ROI_3865,SA5120_E0921N1593,SA,train,high,2000,76,0,17,7,"(10,50%]",cloudsen12-l2a.0002.part.taco,https://huggingface.co/datasets/tacofoundation/cloudsen12/resolve/f9490f7de11b4f387f72ef800e73ccbb754711de/cloudsen12-l2a.0002.part.taco,19172816265,29102563
ROI_16025__20190310T105851_20190310T110008_T33WXR,ROI_16025,ROI_3924,EU5120_E1093N0750,EU,train,high,2000,96,2,0,2,"(0,10%]",cloudsen12-l2a.0003.part.taco,https://huggingface.co/datasets/tacofoundation/cloudsen12/resolve/f9490f7de11b4f387f72ef800e73ccbb754711de/cloudsen12-l2a.0003.part.taco,555797122,20381764
ROI_16026__20200315T020651_20200315T020649_T54VVM,ROI_16026,ROI_3925,AS5120_E1320N1380,AS,train,high,2000,100,0,0,0,0%,cloudsen12-l2a.0000.part.taco,https://huggingface.co/datasets/tacofoundation/cloudsen12/resolve/f9490f7de11b4f387f72ef800e73ccbb754711de/cloudsen12-l2a.0000.part.taco,6578069747,34615075
ROI_16028__20210329T032539_20210329T032835_T51WVM,ROI_16028,ROI_3927,AS5120_E1101N1379,AS,train,high,2000,29,0,65,6,"(50,100%]",cloudsen12-l2a.0003.part.taco,https://huggingface.co/datasets/tacofoundation/cloudsen12/resolve/f9490f7de11b4f387f72ef800e73ccbb754711de/cloudsen12-l2a.0003.part.taco,203075952,20337436
ROI_16038__20190129T051049_20190129T052219_T43PGK,ROI_16038,ROI_3937,AS5120_E0456N0142,AS,train,high,2000,100,0,0,0,0%,cloudsen12-l2a.0002.part.taco,https://huggingface.co/datasets/tacofoundation/cloudsen12/resolve/f9490f7de11b4f387f72ef800e73ccbb754711de/cloudsen12-l2a.0002.part.taco,16709189834,29180521
ROI_16051__20210814T102031_20210814T102609_T32SKC,ROI_16051,ROI_3950,AF5120_E0811N1726,AF,train,high,2000,100,0,0,0,0%,cloudsen12-l2a.0002.part.taco,https://huggingface.co/datasets/tacofoundation/cloudsen12/resolve/f9490f7de11b4f387f72ef800e73ccbb754711de/cloudsen12-l2a.0002.part.taco,17669345500,24193496
ROI_16059__20190428T095031_20190428T095033_T33SVB,ROI_16059,ROI_3958,EU5120_E0973N0094,EU,train,high,2000,33,41,11,15,"(50,100%]",cloudsen12-l2a.0003.part.taco,https://huggingface.co/datasets/tacofoundation/cloudsen12/resolve/f9490f7de11b4f387f72ef800e73ccbb754711de/cloudsen12-l2a.0003.part.taco,1191798798,26370322
ROI_16078__20190427T201851_20190427T202047_T14XNP,ROI_16078,ROI_3977,NA5120_E1618N1560,NA,train,high,2000,0,1,66,33,"(50,100%]",cloudsen12-l2a.0002.part.taco,https://huggingface.co/datasets/tacofoundation/cloudsen12/resolve/f9490f7de11b4f387f72ef800e73ccbb754711de/cloudsen12-l2a.0002.part.taco,17623647296,22138524
ROI_16094__20200609T022601_20200609T022555_T54WXU,ROI_16094,ROI_3993,AS5120_E1252N1506,AS,train,high,2000,77,0,9,14,"(10,50%]",cloudsen12-l2a.0003.part.taco,https://huggingface.co/datasets/tacofoundation/cloudsen12/resolve/f9490f7de11b4f387f72ef800e73ccbb754711de/cloudsen12-l2a.0003.part.taco,2423984396,24775850
ROI_16116__20190615T045709_20190615T045858_T48VVR,ROI_16116,ROI_4015,AS5120_E0935N1315,AS,train,high,2000,68,0,23,9,"(10,50%]",cloudsen12-l2a.0000.part.taco,https://huggingface.co/datasets/tacofoundation/cloudsen12/resolve/f9490f7de11b4f387f72ef800e73ccbb754711de/cloudsen12-l2a.0000.part.taco,6828137965,13663849
ROI_16127__20190524T092039_20190524T092037_T36VVL,ROI_16127,ROI_4026,EU5120_E1228N0558,EU,train,high,2000,25,6,54,15,"(50,100%]",cloudsen12-l2a.0000.part.taco,https://huggingface.co/datasets/tacofoundation/cloudsen12/resolve/f9490f7de11b4f387f72ef800e73ccbb754711de/cloudsen12-l2a.0000.part.taco,210806997,27187193
ROI_16132__20191101T080051_20191101T082333_T35JLK,ROI_16132,ROI_4031,AF5120_E1190N0385,AF,train,high,2000,98,0,1,1,"(0,10%]",cloudsen12-l2a.0000.part.taco,https://huggingface.co/datasets/tacofoundation/cloudsen12/resolve/f9490f7de11b4f387f72ef800e73ccbb754711de/cloudsen12-l2a.0000.part.taco,5960124314,24782958
ROI_16151__20220712T143741_20220712T143739_T19KFT,ROI_16151,ROI_4050,SA5120_E1269N0954,SA,train,high,2000,100,0,0,0,0%,cloudsen12-l2a.0002.part.taco,https://huggingface.co/datasets/tacofoundation/cloudsen12/resolve/f9490f7de11b4f387f72ef800e73ccbb754711de/cloudsen12-l2a.0002.part.taco,18283574351,18675739
ROI_16171__20180813T103021_20180813T103021_T33VVK,ROI_16171,ROI_4070,EU5120_E1038N0632,EU,train,high,2000,64,0,22,14,"(10,50%]",cloudsen12-l2a.0002.part.taco,https://huggingface.co/datasets/tacofoundation/cloudsen12/resolve/f9490f7de11b4f387f72ef800e73ccbb754711de/cloudsen12-l2a.0002.part.taco,18987042341,29145559
ROI_16192__20181005T131259_20181005T131253_T27WWM,ROI_16192,ROI_4091,EU5120_E0744N0794,EU,train,high,2000,93,0,2,5,"(0,10%]",cloudsen12-l2a.0000.part.taco,https://huggingface.co/datasets/tacofoundation/cloudsen12/resolve/f9490f7de11b4f387f72ef800e73ccbb754711de/cloudsen12-l2a.0000.part.taco,7741430093,28577962
ROI_16208__20191006T192251_20191006T192500_T10UED,ROI_16208,ROI_4107,NA5120_E1302N1021,NA,train,high,2000,60,39,1,0,"(10,50%]",cloudsen12-l2a.0002.part.taco,https://huggingface.co/datasets/tacofoundation/cloudsen12/resolve/f9490f7de11b4f387f72ef800e73ccbb754711de/cloudsen12-l2a.0002.part.taco,15130275262,25667035
ROI_16209__20191006T192251_20191006T192500_T10UED,ROI_16209,ROI_4108,NA5120_E1301N1014,NA,train,high,2000,100,0,0,0,0%,cloudsen12-l2a.0002.part.taco,https://huggingface.co/datasets/tacofoundation/cloudsen12/resolve/f9490f7de11b4f387f72ef800e73ccbb754711de/cloudsen12-l2a.0002.part.taco,15534910310,23021499
ROI_16218__20190618T101029_20190618T101307_T32SMC,ROI_16218,ROI_4117,AF5120_E0853N1728,AF,train,high,2000,100,0,0,0,0%,cloudsen12-l2a.0003.part.taco,https://huggingface.co/datasets/tacofoundation/cloudsen12/resolve/f9490f7de11b4f387f72ef800e73ccbb754711de/cloudsen12-l2a.0003.part.taco,1028879432,25237045
ROI_16219__20190504T041559_20190504T042751_T47SLA,ROI_16219,ROI_4118,AS5120_E0899N0707,AS,train,high,2000,87,9,0,4,"(10,50%]",cloudsen12-l2a.0003.part.taco,https://huggingface.co/datasets/tacofoundation/cloudsen12/resolve/f9490f7de11b4f387f72ef800e73ccbb754711de/cloudsen12-l2a.0003.part.taco,3151230694,25307070
ROI_16227__20190204T044001_20190204T044305_T47TLN,ROI_16227,ROI_4126,AS5120_E0898N0955,AS,train,high,2000,78,20,1,1,"(10,50%]",cloudsen12-l2a.0003.part.taco,https://huggingface.co/datasets/tacofoundation/cloudsen12/resolve/f9490f7de11b4f387f72ef800e73ccbb754711de/cloudsen12-l2a.0003.part.taco,788165413,25455089
ROI_16233__20190715T100039_20190715T100647_T31PGL,ROI_16233,ROI_4132,AF5120_E0747N1202,AF,train,high,2000,27,0,69,4,"(50,100%]",cloudsen12-l2a.0000.part.taco,https://huggingface.co/datasets/tacofoundation/cloudsen12/resolve/f9490f7de11b4f387f72ef800e73ccbb754711de/cloudsen12-l2a.0000.part.taco,859299325,29450727
ROI_16246__20180616T102019_20180616T102021_T33UWV,ROI_16246,ROI_4145,EU5120_E1027N0444,EU,train,high,2000,86,0,8,6,"(10,50%]",cloudsen12-l2a.0000.part.taco,https://huggingface.co/datasets/tacofoundation/cloudsen12/resolve/f9490f7de11b4f387f72ef800e73ccbb754711de/cloudsen12-l2a.0000.part.taco,6478311367,23705254
ROI_16252__20201103T154431_20201103T154444_T18UYB,ROI_16252,ROI_4151,NA5120_E1971N0992,NA,train,high,2000,100,0,0,0,0%,cloudsen12-l2a.0002.part.taco,https://huggingface.co/datasets/tacofoundation/cloudsen12/resolve/f9490f7de11b4f387f72ef800e73ccbb754711de/cloudsen12-l2a.0002.part.taco,14968827761,31982117
ROI_16362__20200118T045129_20200118T045137_T45SYC,ROI_16362,ROI_4261,AS5120_E0779N0758,AS,train,high,2000,93,1,0,6,"(0,10%]",cloudsen12-l2a.0002.part.taco,https://huggingface.co/datasets/tacofoundation/cloudsen12/resolve/f9490f7de11b4f387f72ef800e73ccbb754711de/cloudsen12-l2a.0002.part.taco,18782836596,27247643
ROI_16369__20190321T094029_20190321T094432_T34TDT,ROI_16369,ROI_4268,EU5120_E1082N0283,EU,train,high,2000,99,1,0,0,"(0,10%]",cloudsen12-l2a.0003.part.taco,https://huggingface.co/datasets/tacofoundation/cloudsen12/resolve/f9490f7de11b4f387f72ef800e73ccbb754711de/cloudsen12-l2a.0003.part.taco,677110512,19458577
ROI_16370__20190321T094029_20190321T094432_T34TDT,ROI_16370,ROI_4269,EU5120_E1087N0295,EU,train,high,2000,85,15,0,0,"(10,50%]",cloudsen12-l2a.0000.part.taco,https://huggingface.co/datasets/tacofoundation/cloudsen12/resolve/f9490f7de11b4f387f72ef800e73ccbb754711de/cloudsen12-l2a.0000.part.taco,3512882629,25591413
ROI_16386__20180115T094329_20180115T094359_T34TDT,ROI_16386,ROI_4285,EU5120_E1083N0303,EU,train,high,2000,52,0,13,35,"(10,50%]",cloudsen12-l2a.0003.part.taco,https://huggingface.co/datasets/tacofoundation/cloudsen12/resolve/f9490f7de11b4f387f72ef800e73ccbb754711de/cloudsen12-l2a.0003.part.taco,2787785211,22093245
ROI_16387__20180115T094329_20180115T094359_T34TDT,ROI_16387,ROI_4286,EU5120_E1088N0300,EU,train,high,2000,44,4,8,44,"(50,100%]",cloudsen12-l2a.0003.part.taco,https://huggingface.co/datasets/tacofoundation/cloudsen12/resolve/f9490f7de11b4f387f72ef800e73ccbb754711de/cloudsen12-l2a.0003.part.taco,1131503339,31776085
ROI_16403__20190511T205029_20190511T205029_T18XWR,ROI_16403,ROI_4302,NA5120_E1692N1597,NA,train,high,2000,24,0,76,0,"(50,100%]",cloudsen12-l2a.0003.part.taco,https://huggingface.co/datasets/tacofoundation/cloudsen12/resolve/f9490f7de11b4f387f72ef800e73ccbb754711de/cloudsen12-l2a.0003.part.taco,3738024738,19672781
ROI_16405__20190511T205029_20190511T205029_T18XWR,ROI_16405,ROI_4304,NA5120_E1704N1603,NA,train,high,2000,100,0,0,0,0%,cloudsen12-l2a.0003.part.taco,https://huggingface.co/datasets/tacofoundation/cloudsen12/resolve/f9490f7de11b4f387f72ef800e73ccbb754711de/cloudsen12-l2a.0003.part.taco,1272212511,31692265
ROI_16406__20210108T074311_20210108T074309_T38RLN,ROI_16406,ROI_4305,AF5120_E1538N1547,AF,train,high,2000,31,0,47,22,"(50,100%]",cloudsen12-l2a.0000.part.taco,https://huggingface.co/datasets/tacofoundation/cloudsen12/resolve/f9490f7de11b4f387f72ef800e73ccbb754711de/cloudsen12-l2a.0000.part.taco,3013963455,28899846
ROI_16471__20201121T082241_20201121T082251_T37TBE,ROI_16471,ROI_4370,EU5120_E1351N0144,EU,train,high,2000,10,0,79,11,"(50,100%]",cloudsen12-l2a.0003.part.taco,https://huggingface.co/datasets/tacofoundation/cloudsen12/resolve/f9490f7de11b4f387f72ef800e73ccbb754711de/cloudsen12-l2a.0003.part.taco,1395010453,29958367
ROI_16483__20190413T104021_20190413T104505_T31TDH,ROI_16483,ROI_4382,EU5120_E0798N0238,EU,train,high,2000,79,6,5,10,"(10,50%]",cloudsen12-l2a.0003.part.taco,https://huggingface.co/datasets/tacofoundation/cloudsen12/resolve/f9490f7de11b4f387f72ef800e73ccbb754711de/cloudsen12-l2a.0003.part.taco,649888856,27221656
ROI_16501__20191123T111259_20191123T111438_T29TQG,ROI_16501,ROI_4400,EU5120_E0663N0270,EU,train,high,2000,44,0,38,18,"(50,100%]",cloudsen12-l2a.0000.part.taco,https://huggingface.co/datasets/tacofoundation/cloudsen12/resolve/f9490f7de11b4f387f72ef800e73ccbb754711de/cloudsen12-l2a.0000.part.taco,2636926056,26742256
ROI_16503__20210513T210019_20210513T210642_T07WDN,ROI_16503,ROI_4402,NA5120_E1229N1375,NA,train,high,2000,100,0,0,0,0%,cloudsen12-l2a.0000.part.taco,https://huggingface.co/datasets/tacofoundation/cloudsen12/resolve/f9490f7de11b4f387f72ef800e73ccbb754711de/cloudsen12-l2a.0000.part.taco,568980320,24030576
ROI_16504__20210513T210019_20210513T210642_T07WDN,ROI_16504,ROI_4403,NA5120_E1234N1381,NA,train,high,2000,100,0,0,0,0%,cloudsen12-l2a.0000.part.taco,https://huggingface.co/datasets/tacofoundation/cloudsen12/resolve/f9490f7de11b4f387f72ef800e73ccbb754711de/cloudsen12-l2a.0000.part.taco,4388226116,25966550
ROI_16513__20190217T071949_20190217T071951_T41VMG,ROI_16513,ROI_4412,AS5120_E0505N1295,AS,train,high,2000,100,0,0,0,0%,cloudsen12-l2a.0000.part.taco,https://huggingface.co/datasets/tacofoundation/cloudsen12/resolve/f9490f7de11b4f387f72ef800e73ccbb754711de/cloudsen12-l2a.0000.part.taco,237994190,31022397
ROI_16530__20190722T080619_20190722T082743_T35KLT,ROI_16530,ROI_4429,AF5120_E1195N0544,AF,train,high,2000,100,0,0,0,0%,cloudsen12-l2a.0002.part.taco,https://huggingface.co/datasets/tacofoundation/cloudsen12/resolve/f9490f7de11b4f387f72ef800e73ccbb754711de/cloudsen12-l2a.0002.part.taco,19804208404,20033833
ROI_16532__20190401T205029_20190401T205024_T08WNU,ROI_16532,ROI_4431,NA5120_E1314N1347,NA,train,high,2000,0,22,55,23,"(50,100%]",cloudsen12-l2a.0002.part.taco,https://huggingface.co/datasets/tacofoundation/cloudsen12/resolve/f9490f7de11b4f387f72ef800e73ccbb754711de/cloudsen12-l2a.0002.part.taco,15802999874,22684771
ROI_16537__20200127T075201_20200127T075525_T37PCM,ROI_16537,ROI_4436,AF5120_E1437N1216,AF,train,high,2000,93,7,0,0,"(0,10%]",cloudsen12-l2a.0000.part.taco,https://huggingface.co/datasets/tacofoundation/cloudsen12/resolve/f9490f7de11b4f387f72ef800e73ccbb754711de/cloudsen12-l2a.0000.part.taco,396866353,28960563
ROI_16538__20200127T075201_20200127T075525_T37PCM,ROI_16538,ROI_4437,AF5120_E1444N1225,AF,train,high,2000,86,14,0,0,"(10,50%]",cloudsen12-l2a.0003.part.taco,https://huggingface.co/datasets/tacofoundation/cloudsen12/resolve/f9490f7de11b4f387f72ef800e73ccbb754711de/cloudsen12-l2a.0003.part.taco,3262116201,29804510
ROI_16539__20190308T161119_20190308T161618_T18UXF,ROI_16539,ROI_4438,NA5120_E1916N1064,NA,train,high,2000,93,3,0,4,"(0,10%]",cloudsen12-l2a.0000.part.taco,https://huggingface.co/datasets/tacofoundation/cloudsen12/resolve/f9490f7de11b4f387f72ef800e73ccbb754711de/cloudsen12-l2a.0000.part.taco,7268880208,32520354
ROI_16590__20190130T180609_20190130T180605_T14ULG,ROI_16590,ROI_4489,NA5120_E1559N1018,NA,train,high,2000,100,0,0,0,0%,cloudsen12-l2a.0000.part.taco,https://huggingface.co/datasets/tacofoundation/cloudsen12/resolve/f9490f7de11b4f387f72ef800e73ccbb754711de/cloudsen12-l2a.0000.part.taco,5288806809,32083667
ROI_16603__20200122T020001_20200122T015956_T54VXN,ROI_16603,ROI_4502,AS5120_E1342N1413,AS,train,high,2000,100,0,0,0,0%,cloudsen12-l2a.0000.part.taco,https://huggingface.co/datasets/tacofoundation/cloudsen12/resolve/f9490f7de11b4f387f72ef800e73ccbb754711de/cloudsen12-l2a.0000.part.taco,7082795335,33644610
ROI_16617__20190622T185921_20190622T185920_T19XDL,ROI_16617,ROI_4516,NA5120_E1711N1607,NA,train,high,2000,13,3,65,19,"(50,100%]",cloudsen12-l2a.0002.part.taco,https://huggingface.co/datasets/tacofoundation/cloudsen12/resolve/f9490f7de11b4f387f72ef800e73ccbb754711de/cloudsen12-l2a.0002.part.taco,15155942297,24197957
ROI_16631__20191021T064921_20191021T065319_T41UMU,ROI_16631,ROI_4530,AS5120_E0446N1139,AS,train,high,2000,100,0,0,0,0%,cloudsen12-l2a.0000.part.taco,https://huggingface.co/datasets/tacofoundation/cloudsen12/resolve/f9490f7de11b4f387f72ef800e73ccbb754711de/cloudsen12-l2a.0000.part.taco,6390350372,19472834
ROI_16645__20181224T133219_20181224T133220_T22LGQ,ROI_16645,ROI_4544,SA5120_E1680N1189,SA,train,high,2000,4,0,96,0,"(50,100%]",cloudsen12-l2a.0000.part.taco,https://huggingface.co/datasets/tacofoundation/cloudsen12/resolve/f9490f7de11b4f387f72ef800e73ccbb754711de/cloudsen12-l2a.0000.part.taco,713207379,17362539
ROI_16646__20181224T133219_20181224T133220_T22LGQ,ROI_16646,ROI_4545,SA5120_E1679N1174,SA,train,high,2000,0,0,99,1,"(50,100%]",cloudsen12-l2a.0000.part.taco,https://huggingface.co/datasets/tacofoundation/cloudsen12/resolve/f9490f7de11b4f387f72ef800e73ccbb754711de/cloudsen12-l2a.0000.part.taco,3586298399,19460147
ROI_16657__20190418T085559_20190418T090904_T35SPC,ROI_16657,ROI_4556,EU5120_E1213N0101,EU,train,high,2000,100,0,0,0,0%,cloudsen12-l2a.0000.part.taco,https://huggingface.co/datasets/tacofoundation/cloudsen12/resolve/f9490f7de11b4f387f72ef800e73ccbb754711de/cloudsen12-l2a.0000.part.taco,8201764195,27280997
ROI_16678__20200407T080609_20200407T082847_T35KMB,ROI_16678,ROI_4577,AF5120_E1199N0614,AF,train,high,2000,98,0,0,2,"(0,10%]",cloudsen12-l2a.0002.part.taco,https://huggingface.co/datasets/tacofoundation/cloudsen12/resolve/f9490f7de11b4f387f72ef800e73ccbb754711de/cloudsen12-l2a.0002.part.taco,19250821773,25627209
ROI_16679__20191001T023549_20191001T023549_T53WNN,ROI_16679,ROI_4578,AS5120_E1210N1448,AS,train,high,2000,100,0,0,0,0%,cloudsen12-l2a.0003.part.taco,https://huggingface.co/datasets/tacofoundation/cloudsen12/resolve/f9490f7de11b4f387f72ef800e73ccbb754711de/cloudsen12-l2a.0003.part.taco,827597637,31049488
