Block i,P90 L_i,Local max-abs P90,P90 s_i,C5 role
0,0.416115,3.645593,0.253082,FP16
1,0.079506,2.336992,0.051495,Q/DQ ancestry
2,0.078029,1.507330,0.048810,Q/DQ ancestry
3,0.075157,1.437344,0.045820,Q/DQ ancestry
4,0.064253,1.739475,0.040141,Q/DQ ancestry
5,0.067225,1.022279,0.041207,Q/DQ ancestry
6,0.076672,0.766407,0.043209,Q/DQ ancestry
7,0.073881,1.432684,0.042516,Q/DQ ancestry
8,0.104673,0.737910,0.063427,FP16
9,0.077894,1.000237,0.047338,Q/DQ ancestry
10,0.100061,1.927614,0.062349,FP16
11,0.095798,1.131810,0.060090,Q/DQ ancestry
12,0.061186,1.162358,0.043103,Q/DQ ancestry
13,0.084361,0.651716,0.053114,Q/DQ ancestry
14,0.134388,0.904192,0.084799,FP16
15,0.112157,0.652954,0.066702,FP16
16,0.102729,1.059689,0.061651,Q/DQ ancestry
17,0.143484,1.389992,0.084360,FP16
18,0.132540,1.010867,0.075834,FP16
19,0.117198,0.999497,0.063972,FP16
20,0.117701,0.719143,0.064704,FP16
21,0.111782,0.679559,0.058097,Q/DQ ancestry
22,0.041474,0.307386,0.019772,Q/DQ ancestry
23,0.046387,0.589615,0.019227,Q/DQ ancestry
