Candidate,FP16 blocks,mIoU,Water IoU,Boundary IoU,Agreement
Ctrl_early,"0, 1, 2, 3, 4, 5, 6, 7, 8",0.834565,0.694706,0.324149,0.999613
Ctrl_late,"15, 16, 17, 18, 19, 20, 21, 22, 23",0.834164,0.693890,0.323704,0.998065
Ctrl_D5,"0, 14, 15, 16, 17, 18, 19, 20, 21",0.834696,0.694956,0.323731,0.999197
C0,none,0.833972,0.693522,0.322493,0.998040
C1,0,0.834658,0.694879,0.323029,0.999154
C2,"0, 14",0.834727,0.694990,0.322548,0.999186
C3,"0, 14, 17",0.834588,0.694735,0.322621,0.999171
C4,"0, 14, 17, 18",0.834733,0.695018,0.322953,0.999174
C5,"0, 8, 10, 14, 15, 17, 18, 19, 20",0.834708,0.694988,0.323702,0.999192
Ctrl_U42,"0, 2, 3, 4, 7, 8, 19, 20, 22",0.834743,0.695052,0.323465,0.999357
Ctrl_U43,"0, 1, 3, 4, 9, 11, 14, 15, 20",0.834763,0.695082,0.323922,0.999369
Ctrl_U44,"0, 3, 5, 7, 9, 12, 13, 16, 17",0.834590,0.694761,0.322972,0.999287
Ctrl_U45,"0, 2, 8, 9, 10, 13, 15, 19, 23",0.834629,0.694859,0.323036,0.999261
Ctrl_U46,"1, 2, 4, 7, 12, 16, 18, 20, 21",0.833897,0.693378,0.322618,0.998186
Ctrl_runtime,"0, 2, 5, 7, 16, 18, 19, 21, 23",0.834691,0.694968,0.323988,0.999283
Ctrl_task-sensitivity,"0, 3, 9, 12, 13, 14, 15, 16, 20",0.834540,0.694673,0.323311,0.999236
