node,variant,round,position,calls,median_ms,mean_ms,p90_ms,p95_ms,p99_ms,max_ms,mad_ms,std_ms,throughput_per_second,tail_ratio_p95_median,prediction_sha256,output_sha256,output_finite,kfd_exclusive,cpu_affinity_passed,errors_retries_zero,raw_csv_sha256
node2,RCS13-FP32,1,1,200,34.936229,35.217956445,36.4312583,36.9696878,40.07547816999996,44.328413,0.42340850000000074,1.2924974651055172,28.3946060743673,1.0582048738002034,0b8f242de4daa45f34f64281a093eacd9ca599c4fbcf95085e7a03a0eda53b76,42934a4de798e0d525225337a35811cdfef7e565500dc0c3b0437867c93acce4,True,True,True,True,eeb3b0ca39b0bf0bee198c0d8f01867effa56447ad91909fdb4427a2ee2b1026
node2,RCS13-FP16-Opt,1,2,200,32.146729,32.354523584999995,33.2953752,33.78801455,35.68776825999999,36.72976,0.4025475000000007,0.8541044173271567,30.907579194385473,1.051056067010737,63a88d1b2b40c0516f5e637cb7e1e98313c8e04402bd4c49ca364bec4cfa500a,91d934a884d4c411c2effddf884cd486305ce51e7ec2dadfd43b31da594774c2,True,True,True,True,9b457dde53c97041cd20374e0f251edee675312d66dd3953034d42614aec7d05
node2,MP-RCS-Opt,1,3,200,39.2611775,39.494821865,40.6136411,41.515457049999995,42.12389331999997,46.841126,0.4525295000000007,1.0607926665774514,25.31977491677693,1.0574175226914677,9b887ed3a90322fe6cd45775c87b9903e83cc847100269e477c98a465a5cbf8a,2340d5b70ab0651adb6e183b788c4808ddc232bf36cb794b405186f987e59693,True,True,True,True,5aba049ca413b0d715c0fbeb13dd9a20706afc6a5ebb4f9cfb39cef145c38cd8
node2,MP-RCS-Opt,2,1,200,39.664320000000004,39.79865586,40.8140162,41.4400482,43.52923108999999,46.280705,0.39450700000000083,1.04722858814275,25.126476721166334,1.0447689056562672,9b887ed3a90322fe6cd45775c87b9903e83cc847100269e477c98a465a5cbf8a,2340d5b70ab0651adb6e183b788c4808ddc232bf36cb794b405186f987e59693,True,True,True,True,f29ca3baaac42283eaa30c24fc63255e69b91cf4f85e51ef38de059dbd44b47d
node2,RCS13-FP32,2,2,200,35.2388335,35.43749785,36.600755,37.01391315,40.27155186,42.156696,0.5501719999999999,1.0854445227693572,28.21869659739535,1.0503728266147063,0b8f242de4daa45f34f64281a093eacd9ca599c4fbcf95085e7a03a0eda53b76,aefa6a42c5e1630cebd5f568385f1a71d3423909114336c8669bba9dba389516,True,True,True,True,3dc97827d345fe87ff3c644aa9f379854f274c058c917e4c020aa49749bce094
node2,RCS13-FP16-Opt,2,3,200,32.3031395,32.746958910000004,33.9110495,34.49876124999999,40.775966079999996,51.959554,0.3583445000000012,1.8320191630912488,30.53718675826805,1.0679692990831429,63a88d1b2b40c0516f5e637cb7e1e98313c8e04402bd4c49ca364bec4cfa500a,91d934a884d4c411c2effddf884cd486305ce51e7ec2dadfd43b31da594774c2,True,True,True,True,b6f8d6f8c2441cd7aad1f205e98944ddee6de18f594c6665940fb6819d9873d3
node2,RCS13-FP16-Opt,3,1,200,31.805625499999998,32.07177104,32.769666,33.390863949999996,38.47126823999998,48.803476,0.4175834999999992,1.6329323638924902,31.180067940519944,1.0498414486456178,63a88d1b2b40c0516f5e637cb7e1e98313c8e04402bd4c49ca364bec4cfa500a,91d934a884d4c411c2effddf884cd486305ce51e7ec2dadfd43b31da594774c2,True,True,True,True,3184e7740e7eb145fc218fa8cc8112980704f871c181404c5cacb802819a7357
node2,MP-RCS-Opt,3,2,200,38.956474,39.253457845,40.3466897,41.03360489999999,43.2325228,57.738187,0.5170895000000009,1.6335226491074977,25.475462670032705,1.053319273710449,9b887ed3a90322fe6cd45775c87b9903e83cc847100269e477c98a465a5cbf8a,2340d5b70ab0651adb6e183b788c4808ddc232bf36cb794b405186f987e59693,True,True,True,True,cec3cb02acc96270a890b93e3fde216b8af820ed0907f39169383dc6e964e355
node2,RCS13-FP32,3,3,200,34.666086,34.917648055,35.972955,36.479009749999996,37.75050235999999,41.463178,0.30001000000000033,0.9200285788686935,28.63881319912685,1.0522967533744652,0b8f242de4daa45f34f64281a093eacd9ca599c4fbcf95085e7a03a0eda53b76,7e736488cca3c73ea0090c1c0ba0abb625d949da71527eea95d0f409495bb5ab,True,True,True,True,6fa9fe2ee12d1041cd9e3a1572c3f6994850be12fa36fdd285f28b1031af0cfc
node2,RCS13-FP32,4,1,200,34.728624499999995,35.04700895,36.1063292,36.97538409999999,40.08312556999996,46.065066,0.37137449999999816,1.3787302865807523,28.533105390724078,1.0646947477001283,0b8f242de4daa45f34f64281a093eacd9ca599c4fbcf95085e7a03a0eda53b76,7fc624f458828fc810c28db2717dca128b4eeffeb0b1d395382e6c0ae1fcf0f7,True,True,True,True,5b8bb94d9da9e199803a6419a26317ec988fe6314e41df716d4bf312b29aedbb
node2,MP-RCS-Opt,4,2,200,38.571374500000005,38.84388415,39.9389573,40.40621355,42.31329391999996,48.305833,0.3649194999999992,1.1461278719888615,25.74407842785207,1.0475699679823438,9b887ed3a90322fe6cd45775c87b9903e83cc847100269e477c98a465a5cbf8a,2340d5b70ab0651adb6e183b788c4808ddc232bf36cb794b405186f987e59693,True,True,True,True,5d0db0b1a5f7953a0402ba4968bdedd23f433b9ad7b07b0f6ba4375c6f04d4fb
node2,RCS13-FP16-Opt,4,3,200,32.0468775,32.204098404999996,32.9568121,33.751612099999996,36.00411148,38.337877,0.2961255000000005,0.9218679612126907,31.05194833974114,1.0531950296873696,63a88d1b2b40c0516f5e637cb7e1e98313c8e04402bd4c49ca364bec4cfa500a,91d934a884d4c411c2effddf884cd486305ce51e7ec2dadfd43b31da594774c2,True,True,True,True,da170543c4c06e42c5267867ba14774b513e9bc2705fac210c28cab05673ae1c
node2,RCS13-FP16-Opt,5,1,200,32.04482,32.236067545,33.087492499999996,33.74751855,35.45452820999998,38.839054,0.39288200000000195,0.9465723985310165,31.021153513965317,1.0531349076075323,63a88d1b2b40c0516f5e637cb7e1e98313c8e04402bd4c49ca364bec4cfa500a,91d934a884d4c411c2effddf884cd486305ce51e7ec2dadfd43b31da594774c2,True,True,True,True,2174ee9f28c697916a0ba69dbc0f6c1bbead9085b1fa136330c385b4dc0fcd17
node2,RCS13-FP32,5,2,200,34.998255,35.263012454999995,36.377265200000004,36.99750975,39.315824489999954,43.879472,0.3926059999999971,1.2544537492932721,28.358325916599576,1.057124412345701,0b8f242de4daa45f34f64281a093eacd9ca599c4fbcf95085e7a03a0eda53b76,ccd3bce113f0c5b11c4162d08f6b67ce64d1c0d20a81d9601999afda8d175133,True,True,True,True,6d3e8208d7e4a61c911b683f676d47aa9a7bdf5bd1cfbc432fa7e59b533b8275
node2,MP-RCS-Opt,5,3,200,39.173113,39.478834985000006,40.3664712,41.031390699999996,43.964457889999984,57.836972,0.37195099999999925,1.642952796496021,25.33002811202383,1.0474375804649478,9b887ed3a90322fe6cd45775c87b9903e83cc847100269e477c98a465a5cbf8a,2340d5b70ab0651adb6e183b788c4808ddc232bf36cb794b405186f987e59693,True,True,True,True,64b14b3a6d36c3f8118803b309b9ee0f484b5e3aaa3b4584ed568e7a24e5ffa0
node3,RCS13-FP32,1,1,200,33.54488550000001,33.740078105,35.1945962,35.48049795,37.02165503999999,42.853011,0.4315615000000008,1.13515403043714,29.638342771109595,1.057702162972057,0b8f242de4daa45f34f64281a093eacd9ca599c4fbcf95085e7a03a0eda53b76,3aa3f7a32cd40bbe24fa6be47b1c95f6ce9427dc428914a394adb234174cce64,True,True,True,True,bc2650c287b6ad756c606e0f7ca2199025915f938b9ea9504399278aa36f3f96
node3,RCS13-FP16-Opt,1,2,200,30.250628499999998,30.413014190000002,31.0839441,32.14298265,32.489514129999996,38.302547,0.30650800000000267,0.8561417737941892,32.8806606853459,1.0625558622691096,63a88d1b2b40c0516f5e637cb7e1e98313c8e04402bd4c49ca364bec4cfa500a,91d934a884d4c411c2effddf884cd486305ce51e7ec2dadfd43b31da594774c2,True,True,True,True,1e9e46f7d6f57ff460c93cb1fe437c4822880307bbab8ede1b48d1050aeb5efc
node3,MP-RCS-Opt,1,3,200,37.936165,38.159028745,39.300683,39.96468755,40.88506217,41.560193,0.3987890000000007,0.8552251266142805,26.206117736448693,1.0534719982897585,9b887ed3a90322fe6cd45775c87b9903e83cc847100269e477c98a465a5cbf8a,2340d5b70ab0651adb6e183b788c4808ddc232bf36cb794b405186f987e59693,True,True,True,True,57f65708d3868c34d50becc44a710f68201ae9aff8dc7d09caffe90c872f4a58
node3,MP-RCS-Opt,2,1,200,38.165375499999996,38.337553435,39.307577599999995,39.8953497,40.57935102,41.396571,0.4191839999999978,0.7669510578833488,26.08408493503545,1.0453283683793442,9b887ed3a90322fe6cd45775c87b9903e83cc847100269e477c98a465a5cbf8a,2340d5b70ab0651adb6e183b788c4808ddc232bf36cb794b405186f987e59693,True,True,True,True,2ec9613d1a9cdb8743401c292010b5f596e5b8dfa0583cf30ea3575ec78b6b19
node3,RCS13-FP32,2,2,200,33.194512,33.38174067,34.090876200000004,34.70602705,35.42781425,48.961275,0.4180054999999996,1.296155526357868,29.95649657355031,1.0455350887520203,0b8f242de4daa45f34f64281a093eacd9ca599c4fbcf95085e7a03a0eda53b76,c4c2d1c87ac88b2dfa3d81e01d4699676337062974c3ba5e0d889f8d69c3a247,True,True,True,True,0c12fa7adfe403e6328c776d0ee62259aec02cce43fcc1ecfa331fea6f26470d
node3,RCS13-FP16-Opt,2,3,200,30.354989500000002,30.37616279,31.256123,31.62941105,32.53768548,32.956433,0.42920599999999887,0.7270209290128375,32.92055046298361,1.0419839232690231,63a88d1b2b40c0516f5e637cb7e1e98313c8e04402bd4c49ca364bec4cfa500a,91d934a884d4c411c2effddf884cd486305ce51e7ec2dadfd43b31da594774c2,True,True,True,True,748fa417f5a6732dfa4454140f4d2ae6f5d17228e0fcd5bd0fc7a21908fe781e
node3,RCS13-FP16-Opt,3,1,200,29.728049499999997,29.83161245,30.5235271,31.14516375,32.0223995,32.363782,0.33256399999999786,0.6401944511154346,33.521486700595695,1.0476692643424184,63a88d1b2b40c0516f5e637cb7e1e98313c8e04402bd4c49ca364bec4cfa500a,91d934a884d4c411c2effddf884cd486305ce51e7ec2dadfd43b31da594774c2,True,True,True,True,c95344b1bcf71c1400beb2ae6e12b03367646839f73fa6cf5392d228b6dc1373
node3,MP-RCS-Opt,3,2,200,37.542083000000005,37.756724665,38.822392,39.49748794999999,40.39725393999999,48.053449,0.42132500000000306,1.103476401679178,26.48534820942737,1.052085680754581,9b887ed3a90322fe6cd45775c87b9903e83cc847100269e477c98a465a5cbf8a,2340d5b70ab0651adb6e183b788c4808ddc232bf36cb794b405186f987e59693,True,True,True,True,21d7f2452b4651251889009ad16a5a4fd13939a94d9320a7bc8e47b166742745
node3,RCS13-FP32,3,3,200,33.243232500000005,33.459437105,34.6316532,35.240594249999994,36.175577479999994,36.775225,0.4038095000000048,0.8421900649235978,29.886934345663732,1.0600832590512967,0b8f242de4daa45f34f64281a093eacd9ca599c4fbcf95085e7a03a0eda53b76,81b542d1a3050092b097b3b29e8e6f27e04011c6e1bf5b76e2f0a558afb0a7b7,True,True,True,True,fc1652880aae0f3e1b4caba0a397e644666ac2299d727c8fb6838d1db84bf221
node3,RCS13-FP32,4,1,200,32.9922035,33.17896933,34.3160472,34.871078600000004,36.28380824,37.123503,0.41722899999999896,0.8635109675782242,30.139573958851482,1.0569490637386496,0b8f242de4daa45f34f64281a093eacd9ca599c4fbcf95085e7a03a0eda53b76,d5b2596898b20c930b395f487a2cf000e71a8f232ae014a2c0ca7926a01a3a50,True,True,True,True,657a19e197eedd7e0dfddf5eb310d95bd94cae57d345b40072b66ba7da4b6cdb
node3,MP-RCS-Opt,4,2,200,37.714062999999996,37.960725795,39.109624000000004,39.7117991,40.75891094999999,42.018194,0.4617730000000009,0.9025121281083298,26.34301581588082,1.0529705881861628,9b887ed3a90322fe6cd45775c87b9903e83cc847100269e477c98a465a5cbf8a,2340d5b70ab0651adb6e183b788c4808ddc232bf36cb794b405186f987e59693,True,True,True,True,9441a36f9d8c3fddcee75371b45d655876f42e4a908e74745499367e24e9a484
node3,RCS13-FP16-Opt,4,3,200,29.9751445,30.155287129999998,30.985031900000003,31.241349149999998,32.30768842999999,36.466795,0.35140949999999904,0.7607634963861908,33.161680593157065,1.0422418197183336,63a88d1b2b40c0516f5e637cb7e1e98313c8e04402bd4c49ca364bec4cfa500a,91d934a884d4c411c2effddf884cd486305ce51e7ec2dadfd43b31da594774c2,True,True,True,True,3b27af5c6f78d0242c7cea959b04ed6162d93f65d9201a260aa1f74ff0d4515a
node3,RCS13-FP16-Opt,5,1,200,30.3407715,30.516993000000003,31.3560661,31.8495982,33.201891579999995,36.173538,0.31466700000000003,0.7981106410346713,32.76862828523112,1.0497293452145737,63a88d1b2b40c0516f5e637cb7e1e98313c8e04402bd4c49ca364bec4cfa500a,91d934a884d4c411c2effddf884cd486305ce51e7ec2dadfd43b31da594774c2,True,True,True,True,42a0926a0885b4b3ba98a35193d92cc25ee73d1f3dd5c702bfe91dbd80457f2e
node3,RCS13-FP32,5,2,200,32.832502,33.093173289999996,33.875814299999995,34.710913,37.069755009999994,49.055813,0.36529099999999914,1.4215301521370658,30.217712615132537,1.0572119359042451,0b8f242de4daa45f34f64281a093eacd9ca599c4fbcf95085e7a03a0eda53b76,d0c22d48facf4eb15d1828a2b8b6444b628b394dcef3d43efc7ed22c19757cba,True,True,True,True,01c0044cd045cbb8d59f20ede2e1c25a6502bb25eb29ab3fed541c10a818006a
node3,MP-RCS-Opt,5,3,200,38.0568315,38.23693408,39.2058824,39.74187395,41.07242648999999,42.324242,0.45558200000000326,0.8509990133525474,26.152724428893332,1.0442770031971789,9b887ed3a90322fe6cd45775c87b9903e83cc847100269e477c98a465a5cbf8a,2340d5b70ab0651adb6e183b788c4808ddc232bf36cb794b405186f987e59693,True,True,True,True,86f3342f6d162110d684296ed363e4c94fb9b952980089e113b72de2b6ddda27
