role,metric,point_difference,ci95_lower,ci95_upper,one_sided_lower95,bootstrap_replicates,seed
Cloud-RCS-FP16-Opt-v2,mIoU,-1.999898086224583e-05,-0.0001021559794660204,6.937460172705686e-05,-8.915803072276906e-05,10000,42
Cloud-RCS-FP16-Opt-v2,MacroF1,-3.088075548718372e-05,-0.00010911749213796395,5.0500719146973e-05,-9.616286414745878e-05,10000,42
Cloud-RCS-FP16-Opt-v2,clear_IoU,7.934858424984981e-05,1.1408087956757408e-05,0.0001624991172957474,2.0647862782158245e-05,10000,42
Cloud-RCS-FP16-Opt-v2,thick_cloud_IoU,9.792307101186282e-06,-8.244934490150012e-05,0.00011458969825109962,-6.931420841924662e-05,10000,42
Cloud-RCS-FP16-Opt-v2,thin_cloud_IoU,-4.2440611712379894e-05,-0.00024078508909403245,0.0001577291937101099,-0.00021037406880688447,10000,42
Cloud-RCS-FP16-Opt-v2,cloud_shadow_IoU,-0.000126696203087584,-0.0002878383781145744,4.821347608415229e-05,-0.00026339142227529424,10000,42
Cloud-RCS-FP16-Opt-v2,agreement,-0.0006289874999999556,-0.0007455369583333233,-0.0005268405416667205,-0.0007250487083333423,10000,42
Cloud-RCS-MP-Task-v2,mIoU,-0.0005026740850716527,-0.0015500255349525788,0.0005096119899528694,-0.0013702987400881271,10000,42
Cloud-RCS-MP-Task-v2,MacroF1,-0.00047454166956906185,-0.0014662465259778323,0.0004918565148885528,-0.0013065684719233584,10000,42
Cloud-RCS-MP-Task-v2,clear_IoU,-0.0006335463335481739,-0.0013963092420773565,0.00010419990761316104,-0.0012722032336804356,10000,42
Cloud-RCS-MP-Task-v2,thick_cloud_IoU,0.0003832731891288965,-0.0006463049519310565,0.0012137975302957183,-0.00046065183788786545,10000,42
Cloud-RCS-MP-Task-v2,thin_cloud_IoU,-0.0016397732065806525,-0.0041293240431115085,0.0007015035431075193,-0.003736574961701722,10000,42
Cloud-RCS-MP-Task-v2,cloud_shadow_IoU,-0.00012064998928656978,-0.002627077031016231,0.00245054525406474,-0.0022171781867420053,10000,42
Cloud-RCS-MP-Task-v2,agreement,-0.005273104166666709,-0.006117594666666698,-0.004506314812499962,-0.005969372416666635,10000,42
