Candidate,Metric,Difference,Lower 95%,Margin,Status
Cloud-14S-FP16,mIoU,-0.000020,-0.000089,-0.005,PASS
Cloud-14S-FP16,MacroF1,-0.000031,-0.000096,-0.005,PASS
Cloud-14S-FP16,clear_IoU,0.000079,0.000021,-0.010,PASS
Cloud-14S-FP16,thick_cloud_IoU,0.000010,-0.000069,-0.010,PASS
Cloud-14S-FP16,thin_cloud_IoU,-0.000042,-0.000210,-0.010,PASS
Cloud-14S-FP16,cloud_shadow_IoU,-0.000127,-0.000263,-0.010,PASS
Cloud-14S-FP16,agreement,-0.000629,-0.000725,-0.005,PASS
Cloud-14S-MP-X,mIoU,-0.000503,-0.001370,-0.005,PASS
Cloud-14S-MP-X,MacroF1,-0.000475,-0.001307,-0.005,PASS
Cloud-14S-MP-X,clear_IoU,-0.000634,-0.001272,-0.010,PASS
Cloud-14S-MP-X,thick_cloud_IoU,0.000383,-0.000461,-0.010,PASS
Cloud-14S-MP-X,thin_cloud_IoU,-0.001640,-0.003737,-0.010,PASS
Cloud-14S-MP-X,cloud_shadow_IoU,-0.000121,-0.002217,-0.010,PASS
Cloud-14S-MP-X,agreement,-0.005273,-0.005969,-0.005,FAIL
