candidate_id,segment_index,label,precision,evidence_key,profile_reused_across_candidates,canonical_prepass_candidate,boundary_input_tensor_sha256,trace_mode,provider_placement_passed,expected_kernel_token,expected_kernel_calls,kernel_proof_passed,gpu_kernel_total_duration_ns,int8_i8ii_duration_ns,fp16_hbh_duration_ns,qdq_conversion_duration_ns,cast_conversion_duration_ns,layout_conversion_duration_ns,hip_memcpy_api_duration_ns,hsa_async_copy_api_duration_ns
M0,0,encoder_block_00,int8_qdq,block_00_int8_qdq_c50521419f_5a10d421d9,False,M0,23bd7b08aa08352cfa52b0086c3a6aac18b8b0e6a63f3cdbcae7409c667aa62c,direct_outer_hipprof_no_dynamic_session_v3,True,I8II,320,True,22452389,8421629,0,3241579,1015304,0,9401699,1006215
M0,1,encoder_block_01,int8_qdq,block_01_int8_qdq_e2e73df949_3aebb5aa90,True,M0,64217817b4e3b91a36e769ea8f786914b17526b142b029f52a819603c024e938,direct_outer_hipprof_no_dynamic_session_v3,True,I8II,320,True,12146562,8664817,0,2590587,891158,0,7755215,952426
M0,2,encoder_block_02,int8_qdq,block_02_int8_qdq_65010122d1_9d13a028bf,True,M0,1af590eac8734b3db7641606c76f899daea77fc27bf891cf6d89a66d7d45d414,direct_outer_hipprof_no_dynamic_session_v3,True,I8II,320,True,12304788,8716993,0,2461619,1126176,0,7938414,937386
M0,3,encoder_block_03,int8_qdq,block_03_int8_qdq_f2ac12254d_a5e3f4bb7b,True,M0,bc4c7921a4f0a42eeb6b6453bf2f1fa3739a4ee5b017fb5d72ad219f82d9db0c,direct_outer_hipprof_no_dynamic_session_v3,True,I8II,300,True,11789482,8132387,0,3164322,492773,0,7835222,959037
M0,4,encoder_block_04,int8_qdq,block_04_int8_qdq_027d42e523_6718181e1a,True,M0,1003884f53281d0f643346277ff2823ab00069b90c5c1eac07a72fc1bf504586,direct_outer_hipprof_no_dynamic_session_v3,True,I8II,320,True,12042284,8557657,0,2668028,816599,0,8601093,962449
M0,5,encoder_block_05,int8_qdq,block_05_int8_qdq_a9b736c7a5_051903e82c,True,M0,dd58d692d9021f3eac5552fd2b51b488628bc83ad48874d498f4daa400cd8f0e,direct_outer_hipprof_no_dynamic_session_v3,True,I8II,320,True,12118139,8529349,0,2590915,997875,0,8345576,1057792
M0,6,encoder_block_06,int8_qdq,block_06_int8_qdq_5fa3aef4f1_9aedccb2db,True,M0,99e994fb6e778152d7e1e426b27f2a87d927331fd30eb1ec817c58aaf5bed8d3,direct_outer_hipprof_no_dynamic_session_v3,True,I8II,320,True,11925674,8638145,0,2401962,885567,0,7925313,991703
M0,7,encoder_block_07,int8_qdq,block_07_int8_qdq_43c19abe15_212e692eb7,True,M0,a7c127d1e68445a1a3e998b7e4d24eb08b1cac9b65666a537efaa1c384fd6a64,direct_outer_hipprof_no_dynamic_session_v3,True,I8II,320,True,12305985,8666473,0,2667553,971959,0,7798726,988024
M0,8,encoder_block_08,int8_qdq,block_08_int8_qdq_bdd0929d6e_157bf2fae6,True,M0,ceec36efffecc70472fac6ec5336175113b0861d25607da51d3f03d1bdd3b8e1,direct_outer_hipprof_no_dynamic_session_v3,True,I8II,320,True,11957200,8591929,0,2405477,959794,0,7833845,963062
M0,9,encoder_block_09,int8_qdq,block_09_int8_qdq_c52cc13797_62bf69019d,True,M0,a901f2c8349b659c84f8fc0e5fcc487117e287e9975b3143b8c765ffdb5ef018,direct_outer_hipprof_no_dynamic_session_v3,True,I8II,280,True,12085528,8458336,0,2558922,1068270,0,7876207,955613
M0,10,encoder_block_10,int8_qdq,block_10_int8_qdq_02a1744df3_a141aae87d,True,M0,405846029662ef2ac13f94446a6c95433a1a9b40dccbc57814fd2df16f7d861a,direct_outer_hipprof_no_dynamic_session_v3,True,I8II,320,True,12160097,8808557,0,2472853,878687,0,7826078,940506
M0,11,encoder_block_11,int8_qdq,block_11_int8_qdq_d2c4b7a6c9_92caa6e804,True,M0,da7d24b098ef4cf4152f22584f1d065db5475b545416946ed6d403066e0949bc,direct_outer_hipprof_no_dynamic_session_v3,True,I8II,260,True,11469727,7946525,0,2815715,707487,0,8607081,1004666
M0,12,encoder_block_12,int8_qdq,block_12_int8_qdq_a195509275_cf35079fa6,True,M0,0b77016c524cb7567d7016a637335e9f51c13758934b9c20dd5ac1e152aaf6f5,direct_outer_hipprof_no_dynamic_session_v3,True,I8II,320,True,12179627,8661217,0,2580850,937560,0,7854819,961114
M0,13,encoder_block_13,int8_qdq,block_13_int8_qdq_7dc81a21bc_31c2b2df80,True,M0,2ce56037225b7551f7e2daf10baae38bab69d1d8b26e15b7dd1097361b1a52a4,direct_outer_hipprof_no_dynamic_session_v3,True,I8II,280,True,11994512,8465547,0,2644844,884121,0,8373050,1067166
M0,14,encoder_block_14,int8_qdq,block_14_int8_qdq_884998af30_5ad319ce31,True,M0,75bf314526bf381dfe7c031025affd218d61736d908504789cebbab700723c66,direct_outer_hipprof_no_dynamic_session_v3,True,I8II,320,True,12316440,8642987,0,2677329,996124,0,7909486,953735
M0,15,encoder_block_15,int8_qdq,block_15_int8_qdq_c06da191cc_a0649c57f0,True,M0,bf32caff4a0bac782489ab0aa7fcecb5208f4f8a5307d9a2bb08c749a9950700,direct_outer_hipprof_no_dynamic_session_v3,True,I8II,280,True,11572638,8400774,0,2364695,807169,0,8099764,982957
M0,16,encoder_block_16,int8_qdq,block_16_int8_qdq_93ec2b213b_98c291a188,True,M0,496a19f2fa00b9df266bfd36cb9bd0f5cf53589d66fd8344b276ad3ee00195f1,direct_outer_hipprof_no_dynamic_session_v3,True,I8II,320,True,11995365,8629418,0,2496223,869724,0,7943349,965269
M0,17,encoder_block_17,int8_qdq,block_17_int8_qdq_5ed0964cee_010813f06a,True,M0,75906075911ab3ce5be5934f7cf52b5cccdf593addb987d555aa7e58d85b5ac5,direct_outer_hipprof_no_dynamic_session_v3,True,I8II,300,True,11789617,8421586,0,2744534,623497,0,8044081,955618
M0,18,encoder_block_18,int8_qdq,block_18_int8_qdq_031dcebf60_895428bf11,True,M0,b3776267da43326abcbf941198094d5fbb3b06e861ac92d5c7b9777c27eabb87,direct_outer_hipprof_no_dynamic_session_v3,True,I8II,320,True,12279694,8503678,0,2678139,1097877,0,9105302,1019932
M0,19,encoder_block_19,int8_qdq,block_19_int8_qdq_050380a0c4_0ebe3df9ff,True,M0,4453f8f5d032a9b33bef6dada875cbe3172704df8d796df8ad76ac26aabd8d04,direct_outer_hipprof_no_dynamic_session_v3,True,I8II,320,True,11900167,8659319,0,2421514,819334,0,8354192,1063522
M0,20,encoder_block_20,int8_qdq,block_20_int8_qdq_ee4a7309fc_39fbfa471b,True,M0,02370fdc6020f6094e62845f305754a25d17af56cb14d59c0fdcba9c82ca97fb,direct_outer_hipprof_no_dynamic_session_v3,True,I8II,320,True,12461789,8687846,0,2692866,1081077,0,8083111,955832
M0,21,encoder_block_21,int8_qdq,block_21_int8_qdq_1b1bc5c941_9585e586a9,True,M0,059808919788071dd8b15928a52fa81d7dbfbefe321c1d2e1a7b23f3daf54b38,direct_outer_hipprof_no_dynamic_session_v3,True,I8II,320,True,12215863,8668642,0,2565663,981558,0,7896404,964231
M0,22,encoder_block_22,int8_qdq,block_22_int8_qdq_4912f9a7c1_e8dd191863,True,M0,6f2c04f5789e540b6c697ddcf35d8240b8af910118ad566efb8488ac22be693c,direct_outer_hipprof_no_dynamic_session_v3,True,I8II,320,True,12230111,8715046,0,2639255,875810,0,7857875,971472
M0,23,encoder_block_23,int8_qdq,block_23_int8_qdq_8a601ca51e_721fa2e905,True,M0,4370cab8d6c76d243dc7c968c231284df9ee7a04c8af64da7937571994cade03,direct_outer_hipprof_no_dynamic_session_v3,True,I8II,320,True,12294270,8776803,0,2580382,937085,0,7820937,954452
M1,0,encoder_block_00,fp16,block_00_fp16_6ed5ea0b6e_468e3720da,True,M1,23bd7b08aa08352cfa52b0086c3a6aac18b8b0e6a63f3cdbcae7409c667aa62c,direct_outer_hipprof_no_dynamic_session_v3,True,HBH,120,True,12817697,0,5645121,0,994826,0,14287058,1072565
M1,1,encoder_block_01,int8_qdq,block_01_int8_qdq_e2e73df949_3aebb5aa90,True,M0,64217817b4e3b91a36e769ea8f786914b17526b142b029f52a819603c024e938,direct_outer_hipprof_no_dynamic_session_v3,True,I8II,320,True,12146562,8664817,0,2590587,891158,0,7755215,952426
M1,2,encoder_block_02,int8_qdq,block_02_int8_qdq_65010122d1_9d13a028bf,True,M0,1af590eac8734b3db7641606c76f899daea77fc27bf891cf6d89a66d7d45d414,direct_outer_hipprof_no_dynamic_session_v3,True,I8II,320,True,12304788,8716993,0,2461619,1126176,0,7938414,937386
M1,3,encoder_block_03,int8_qdq,block_03_int8_qdq_f2ac12254d_a5e3f4bb7b,True,M0,bc4c7921a4f0a42eeb6b6453bf2f1fa3739a4ee5b017fb5d72ad219f82d9db0c,direct_outer_hipprof_no_dynamic_session_v3,True,I8II,300,True,11789482,8132387,0,3164322,492773,0,7835222,959037
M1,4,encoder_block_04,int8_qdq,block_04_int8_qdq_027d42e523_6718181e1a,True,M0,1003884f53281d0f643346277ff2823ab00069b90c5c1eac07a72fc1bf504586,direct_outer_hipprof_no_dynamic_session_v3,True,I8II,320,True,12042284,8557657,0,2668028,816599,0,8601093,962449
M1,5,encoder_block_05,int8_qdq,block_05_int8_qdq_a9b736c7a5_051903e82c,True,M0,dd58d692d9021f3eac5552fd2b51b488628bc83ad48874d498f4daa400cd8f0e,direct_outer_hipprof_no_dynamic_session_v3,True,I8II,320,True,12118139,8529349,0,2590915,997875,0,8345576,1057792
M1,6,encoder_block_06,int8_qdq,block_06_int8_qdq_5fa3aef4f1_9aedccb2db,True,M0,99e994fb6e778152d7e1e426b27f2a87d927331fd30eb1ec817c58aaf5bed8d3,direct_outer_hipprof_no_dynamic_session_v3,True,I8II,320,True,11925674,8638145,0,2401962,885567,0,7925313,991703
M1,7,encoder_block_07,int8_qdq,block_07_int8_qdq_43c19abe15_212e692eb7,True,M0,a7c127d1e68445a1a3e998b7e4d24eb08b1cac9b65666a537efaa1c384fd6a64,direct_outer_hipprof_no_dynamic_session_v3,True,I8II,320,True,12305985,8666473,0,2667553,971959,0,7798726,988024
M1,8,encoder_block_08,int8_qdq,block_08_int8_qdq_bdd0929d6e_157bf2fae6,True,M0,ceec36efffecc70472fac6ec5336175113b0861d25607da51d3f03d1bdd3b8e1,direct_outer_hipprof_no_dynamic_session_v3,True,I8II,320,True,11957200,8591929,0,2405477,959794,0,7833845,963062
M1,9,encoder_block_09,int8_qdq,block_09_int8_qdq_c52cc13797_62bf69019d,True,M0,a901f2c8349b659c84f8fc0e5fcc487117e287e9975b3143b8c765ffdb5ef018,direct_outer_hipprof_no_dynamic_session_v3,True,I8II,280,True,12085528,8458336,0,2558922,1068270,0,7876207,955613
M1,10,encoder_block_10,int8_qdq,block_10_int8_qdq_02a1744df3_a141aae87d,True,M0,405846029662ef2ac13f94446a6c95433a1a9b40dccbc57814fd2df16f7d861a,direct_outer_hipprof_no_dynamic_session_v3,True,I8II,320,True,12160097,8808557,0,2472853,878687,0,7826078,940506
M1,11,encoder_block_11,int8_qdq,block_11_int8_qdq_d2c4b7a6c9_92caa6e804,True,M0,da7d24b098ef4cf4152f22584f1d065db5475b545416946ed6d403066e0949bc,direct_outer_hipprof_no_dynamic_session_v3,True,I8II,260,True,11469727,7946525,0,2815715,707487,0,8607081,1004666
M1,12,encoder_block_12,int8_qdq,block_12_int8_qdq_a195509275_cf35079fa6,True,M0,0b77016c524cb7567d7016a637335e9f51c13758934b9c20dd5ac1e152aaf6f5,direct_outer_hipprof_no_dynamic_session_v3,True,I8II,320,True,12179627,8661217,0,2580850,937560,0,7854819,961114
M1,13,encoder_block_13,int8_qdq,block_13_int8_qdq_7dc81a21bc_31c2b2df80,True,M0,2ce56037225b7551f7e2daf10baae38bab69d1d8b26e15b7dd1097361b1a52a4,direct_outer_hipprof_no_dynamic_session_v3,True,I8II,280,True,11994512,8465547,0,2644844,884121,0,8373050,1067166
M1,14,encoder_block_14,int8_qdq,block_14_int8_qdq_884998af30_5ad319ce31,True,M0,75bf314526bf381dfe7c031025affd218d61736d908504789cebbab700723c66,direct_outer_hipprof_no_dynamic_session_v3,True,I8II,320,True,12316440,8642987,0,2677329,996124,0,7909486,953735
M1,15,encoder_block_15,int8_qdq,block_15_int8_qdq_c06da191cc_a0649c57f0,True,M0,bf32caff4a0bac782489ab0aa7fcecb5208f4f8a5307d9a2bb08c749a9950700,direct_outer_hipprof_no_dynamic_session_v3,True,I8II,280,True,11572638,8400774,0,2364695,807169,0,8099764,982957
M1,16,encoder_block_16,int8_qdq,block_16_int8_qdq_93ec2b213b_98c291a188,True,M0,496a19f2fa00b9df266bfd36cb9bd0f5cf53589d66fd8344b276ad3ee00195f1,direct_outer_hipprof_no_dynamic_session_v3,True,I8II,320,True,11995365,8629418,0,2496223,869724,0,7943349,965269
M1,17,encoder_block_17,int8_qdq,block_17_int8_qdq_5ed0964cee_010813f06a,True,M0,75906075911ab3ce5be5934f7cf52b5cccdf593addb987d555aa7e58d85b5ac5,direct_outer_hipprof_no_dynamic_session_v3,True,I8II,300,True,11789617,8421586,0,2744534,623497,0,8044081,955618
M1,18,encoder_block_18,int8_qdq,block_18_int8_qdq_031dcebf60_895428bf11,True,M0,b3776267da43326abcbf941198094d5fbb3b06e861ac92d5c7b9777c27eabb87,direct_outer_hipprof_no_dynamic_session_v3,True,I8II,320,True,12279694,8503678,0,2678139,1097877,0,9105302,1019932
M1,19,encoder_block_19,int8_qdq,block_19_int8_qdq_050380a0c4_0ebe3df9ff,True,M0,4453f8f5d032a9b33bef6dada875cbe3172704df8d796df8ad76ac26aabd8d04,direct_outer_hipprof_no_dynamic_session_v3,True,I8II,320,True,11900167,8659319,0,2421514,819334,0,8354192,1063522
M1,20,encoder_block_20,int8_qdq,block_20_int8_qdq_ee4a7309fc_39fbfa471b,True,M0,02370fdc6020f6094e62845f305754a25d17af56cb14d59c0fdcba9c82ca97fb,direct_outer_hipprof_no_dynamic_session_v3,True,I8II,320,True,12461789,8687846,0,2692866,1081077,0,8083111,955832
M1,21,encoder_block_21,int8_qdq,block_21_int8_qdq_1b1bc5c941_9585e586a9,True,M0,059808919788071dd8b15928a52fa81d7dbfbefe321c1d2e1a7b23f3daf54b38,direct_outer_hipprof_no_dynamic_session_v3,True,I8II,320,True,12215863,8668642,0,2565663,981558,0,7896404,964231
M1,22,encoder_block_22,int8_qdq,block_22_int8_qdq_4912f9a7c1_e8dd191863,True,M0,6f2c04f5789e540b6c697ddcf35d8240b8af910118ad566efb8488ac22be693c,direct_outer_hipprof_no_dynamic_session_v3,True,I8II,320,True,12230111,8715046,0,2639255,875810,0,7857875,971472
M1,23,encoder_block_23,int8_qdq,block_23_int8_qdq_8a601ca51e_721fa2e905,True,M0,4370cab8d6c76d243dc7c968c231284df9ee7a04c8af64da7937571994cade03,direct_outer_hipprof_no_dynamic_session_v3,True,I8II,320,True,12294270,8776803,0,2580382,937085,0,7820937,954452
M2,0,encoder_block_00,fp16,block_00_fp16_6ed5ea0b6e_468e3720da,True,M1,23bd7b08aa08352cfa52b0086c3a6aac18b8b0e6a63f3cdbcae7409c667aa62c,direct_outer_hipprof_no_dynamic_session_v3,True,HBH,120,True,12817697,0,5645121,0,994826,0,14287058,1072565
M2,1,encoder_block_01,int8_qdq,block_01_int8_qdq_e2e73df949_3aebb5aa90,True,M0,64217817b4e3b91a36e769ea8f786914b17526b142b029f52a819603c024e938,direct_outer_hipprof_no_dynamic_session_v3,True,I8II,320,True,12146562,8664817,0,2590587,891158,0,7755215,952426
M2,2,encoder_block_02,int8_qdq,block_02_int8_qdq_65010122d1_9d13a028bf,True,M0,1af590eac8734b3db7641606c76f899daea77fc27bf891cf6d89a66d7d45d414,direct_outer_hipprof_no_dynamic_session_v3,True,I8II,320,True,12304788,8716993,0,2461619,1126176,0,7938414,937386
M2,3,encoder_block_03,int8_qdq,block_03_int8_qdq_f2ac12254d_a5e3f4bb7b,True,M0,bc4c7921a4f0a42eeb6b6453bf2f1fa3739a4ee5b017fb5d72ad219f82d9db0c,direct_outer_hipprof_no_dynamic_session_v3,True,I8II,300,True,11789482,8132387,0,3164322,492773,0,7835222,959037
M2,4,encoder_block_04,int8_qdq,block_04_int8_qdq_027d42e523_6718181e1a,True,M0,1003884f53281d0f643346277ff2823ab00069b90c5c1eac07a72fc1bf504586,direct_outer_hipprof_no_dynamic_session_v3,True,I8II,320,True,12042284,8557657,0,2668028,816599,0,8601093,962449
M2,5,encoder_block_05,int8_qdq,block_05_int8_qdq_a9b736c7a5_051903e82c,True,M0,dd58d692d9021f3eac5552fd2b51b488628bc83ad48874d498f4daa400cd8f0e,direct_outer_hipprof_no_dynamic_session_v3,True,I8II,320,True,12118139,8529349,0,2590915,997875,0,8345576,1057792
M2,6,encoder_block_06,int8_qdq,block_06_int8_qdq_5fa3aef4f1_9aedccb2db,True,M0,99e994fb6e778152d7e1e426b27f2a87d927331fd30eb1ec817c58aaf5bed8d3,direct_outer_hipprof_no_dynamic_session_v3,True,I8II,320,True,11925674,8638145,0,2401962,885567,0,7925313,991703
M2,7,encoder_block_07,int8_qdq,block_07_int8_qdq_43c19abe15_212e692eb7,True,M0,a7c127d1e68445a1a3e998b7e4d24eb08b1cac9b65666a537efaa1c384fd6a64,direct_outer_hipprof_no_dynamic_session_v3,True,I8II,320,True,12305985,8666473,0,2667553,971959,0,7798726,988024
M2,8,encoder_block_08,int8_qdq,block_08_int8_qdq_bdd0929d6e_157bf2fae6,True,M0,ceec36efffecc70472fac6ec5336175113b0861d25607da51d3f03d1bdd3b8e1,direct_outer_hipprof_no_dynamic_session_v3,True,I8II,320,True,11957200,8591929,0,2405477,959794,0,7833845,963062
M2,9,encoder_block_09,int8_qdq,block_09_int8_qdq_c52cc13797_62bf69019d,True,M0,a901f2c8349b659c84f8fc0e5fcc487117e287e9975b3143b8c765ffdb5ef018,direct_outer_hipprof_no_dynamic_session_v3,True,I8II,280,True,12085528,8458336,0,2558922,1068270,0,7876207,955613
M2,10,encoder_block_10,int8_qdq,block_10_int8_qdq_02a1744df3_a141aae87d,True,M0,405846029662ef2ac13f94446a6c95433a1a9b40dccbc57814fd2df16f7d861a,direct_outer_hipprof_no_dynamic_session_v3,True,I8II,320,True,12160097,8808557,0,2472853,878687,0,7826078,940506
M2,11,encoder_block_11,int8_qdq,block_11_int8_qdq_d2c4b7a6c9_92caa6e804,True,M0,da7d24b098ef4cf4152f22584f1d065db5475b545416946ed6d403066e0949bc,direct_outer_hipprof_no_dynamic_session_v3,True,I8II,260,True,11469727,7946525,0,2815715,707487,0,8607081,1004666
M2,12,encoder_block_12,int8_qdq,block_12_int8_qdq_a195509275_cf35079fa6,True,M0,0b77016c524cb7567d7016a637335e9f51c13758934b9c20dd5ac1e152aaf6f5,direct_outer_hipprof_no_dynamic_session_v3,True,I8II,320,True,12179627,8661217,0,2580850,937560,0,7854819,961114
M2,13,encoder_block_13,int8_qdq,block_13_int8_qdq_7dc81a21bc_31c2b2df80,True,M0,2ce56037225b7551f7e2daf10baae38bab69d1d8b26e15b7dd1097361b1a52a4,direct_outer_hipprof_no_dynamic_session_v3,True,I8II,280,True,11994512,8465547,0,2644844,884121,0,8373050,1067166
M2,14,encoder_block_14,fp16,block_14_fp16_40cd8924c0_ed598b4ef4,True,M2,27665af67d22eac1b95ae9ce5654bd21a967b266a39cfb5d75e49d3893f097f0,direct_outer_hipprof_no_dynamic_session_v3,True,HBH,120,True,8400449,0,5965985,0,959165,0,11805038,970936
M2,15,encoder_block_15,int8_qdq,block_15_int8_qdq_c06da191cc_a0649c57f0,True,M0,bf32caff4a0bac782489ab0aa7fcecb5208f4f8a5307d9a2bb08c749a9950700,direct_outer_hipprof_no_dynamic_session_v3,True,I8II,280,True,11572638,8400774,0,2364695,807169,0,8099764,982957
M2,16,encoder_block_16,int8_qdq,block_16_int8_qdq_93ec2b213b_98c291a188,True,M0,496a19f2fa00b9df266bfd36cb9bd0f5cf53589d66fd8344b276ad3ee00195f1,direct_outer_hipprof_no_dynamic_session_v3,True,I8II,320,True,11995365,8629418,0,2496223,869724,0,7943349,965269
M2,17,encoder_block_17,int8_qdq,block_17_int8_qdq_5ed0964cee_010813f06a,True,M0,75906075911ab3ce5be5934f7cf52b5cccdf593addb987d555aa7e58d85b5ac5,direct_outer_hipprof_no_dynamic_session_v3,True,I8II,300,True,11789617,8421586,0,2744534,623497,0,8044081,955618
M2,18,encoder_block_18,int8_qdq,block_18_int8_qdq_031dcebf60_895428bf11,True,M0,b3776267da43326abcbf941198094d5fbb3b06e861ac92d5c7b9777c27eabb87,direct_outer_hipprof_no_dynamic_session_v3,True,I8II,320,True,12279694,8503678,0,2678139,1097877,0,9105302,1019932
M2,19,encoder_block_19,int8_qdq,block_19_int8_qdq_050380a0c4_0ebe3df9ff,True,M0,4453f8f5d032a9b33bef6dada875cbe3172704df8d796df8ad76ac26aabd8d04,direct_outer_hipprof_no_dynamic_session_v3,True,I8II,320,True,11900167,8659319,0,2421514,819334,0,8354192,1063522
M2,20,encoder_block_20,int8_qdq,block_20_int8_qdq_ee4a7309fc_39fbfa471b,True,M0,02370fdc6020f6094e62845f305754a25d17af56cb14d59c0fdcba9c82ca97fb,direct_outer_hipprof_no_dynamic_session_v3,True,I8II,320,True,12461789,8687846,0,2692866,1081077,0,8083111,955832
M2,21,encoder_block_21,int8_qdq,block_21_int8_qdq_1b1bc5c941_9585e586a9,True,M0,059808919788071dd8b15928a52fa81d7dbfbefe321c1d2e1a7b23f3daf54b38,direct_outer_hipprof_no_dynamic_session_v3,True,I8II,320,True,12215863,8668642,0,2565663,981558,0,7896404,964231
M2,22,encoder_block_22,int8_qdq,block_22_int8_qdq_4912f9a7c1_e8dd191863,True,M0,6f2c04f5789e540b6c697ddcf35d8240b8af910118ad566efb8488ac22be693c,direct_outer_hipprof_no_dynamic_session_v3,True,I8II,320,True,12230111,8715046,0,2639255,875810,0,7857875,971472
M2,23,encoder_block_23,int8_qdq,block_23_int8_qdq_8a601ca51e_721fa2e905,True,M0,4370cab8d6c76d243dc7c968c231284df9ee7a04c8af64da7937571994cade03,direct_outer_hipprof_no_dynamic_session_v3,True,I8II,320,True,12294270,8776803,0,2580382,937085,0,7820937,954452
M3,0,encoder_block_00,fp16,block_00_fp16_6ed5ea0b6e_468e3720da,True,M1,23bd7b08aa08352cfa52b0086c3a6aac18b8b0e6a63f3cdbcae7409c667aa62c,direct_outer_hipprof_no_dynamic_session_v3,True,HBH,120,True,12817697,0,5645121,0,994826,0,14287058,1072565
M3,1,encoder_block_01,int8_qdq,block_01_int8_qdq_e2e73df949_3aebb5aa90,True,M0,64217817b4e3b91a36e769ea8f786914b17526b142b029f52a819603c024e938,direct_outer_hipprof_no_dynamic_session_v3,True,I8II,320,True,12146562,8664817,0,2590587,891158,0,7755215,952426
M3,2,encoder_block_02,int8_qdq,block_02_int8_qdq_65010122d1_9d13a028bf,True,M0,1af590eac8734b3db7641606c76f899daea77fc27bf891cf6d89a66d7d45d414,direct_outer_hipprof_no_dynamic_session_v3,True,I8II,320,True,12304788,8716993,0,2461619,1126176,0,7938414,937386
M3,3,encoder_block_03,int8_qdq,block_03_int8_qdq_f2ac12254d_a5e3f4bb7b,True,M0,bc4c7921a4f0a42eeb6b6453bf2f1fa3739a4ee5b017fb5d72ad219f82d9db0c,direct_outer_hipprof_no_dynamic_session_v3,True,I8II,300,True,11789482,8132387,0,3164322,492773,0,7835222,959037
M3,4,encoder_block_04,int8_qdq,block_04_int8_qdq_027d42e523_6718181e1a,True,M0,1003884f53281d0f643346277ff2823ab00069b90c5c1eac07a72fc1bf504586,direct_outer_hipprof_no_dynamic_session_v3,True,I8II,320,True,12042284,8557657,0,2668028,816599,0,8601093,962449
M3,5,encoder_block_05,int8_qdq,block_05_int8_qdq_a9b736c7a5_051903e82c,True,M0,dd58d692d9021f3eac5552fd2b51b488628bc83ad48874d498f4daa400cd8f0e,direct_outer_hipprof_no_dynamic_session_v3,True,I8II,320,True,12118139,8529349,0,2590915,997875,0,8345576,1057792
M3,6,encoder_block_06,int8_qdq,block_06_int8_qdq_5fa3aef4f1_9aedccb2db,True,M0,99e994fb6e778152d7e1e426b27f2a87d927331fd30eb1ec817c58aaf5bed8d3,direct_outer_hipprof_no_dynamic_session_v3,True,I8II,320,True,11925674,8638145,0,2401962,885567,0,7925313,991703
M3,7,encoder_block_07,int8_qdq,block_07_int8_qdq_43c19abe15_212e692eb7,True,M0,a7c127d1e68445a1a3e998b7e4d24eb08b1cac9b65666a537efaa1c384fd6a64,direct_outer_hipprof_no_dynamic_session_v3,True,I8II,320,True,12305985,8666473,0,2667553,971959,0,7798726,988024
M3,8,encoder_block_08,int8_qdq,block_08_int8_qdq_bdd0929d6e_157bf2fae6,True,M0,ceec36efffecc70472fac6ec5336175113b0861d25607da51d3f03d1bdd3b8e1,direct_outer_hipprof_no_dynamic_session_v3,True,I8II,320,True,11957200,8591929,0,2405477,959794,0,7833845,963062
M3,9,encoder_block_09,int8_qdq,block_09_int8_qdq_c52cc13797_62bf69019d,True,M0,a901f2c8349b659c84f8fc0e5fcc487117e287e9975b3143b8c765ffdb5ef018,direct_outer_hipprof_no_dynamic_session_v3,True,I8II,280,True,12085528,8458336,0,2558922,1068270,0,7876207,955613
M3,10,encoder_block_10,int8_qdq,block_10_int8_qdq_02a1744df3_a141aae87d,True,M0,405846029662ef2ac13f94446a6c95433a1a9b40dccbc57814fd2df16f7d861a,direct_outer_hipprof_no_dynamic_session_v3,True,I8II,320,True,12160097,8808557,0,2472853,878687,0,7826078,940506
M3,11,encoder_block_11,int8_qdq,block_11_int8_qdq_d2c4b7a6c9_92caa6e804,True,M0,da7d24b098ef4cf4152f22584f1d065db5475b545416946ed6d403066e0949bc,direct_outer_hipprof_no_dynamic_session_v3,True,I8II,260,True,11469727,7946525,0,2815715,707487,0,8607081,1004666
M3,12,encoder_block_12,int8_qdq,block_12_int8_qdq_a195509275_cf35079fa6,True,M0,0b77016c524cb7567d7016a637335e9f51c13758934b9c20dd5ac1e152aaf6f5,direct_outer_hipprof_no_dynamic_session_v3,True,I8II,320,True,12179627,8661217,0,2580850,937560,0,7854819,961114
M3,13,encoder_block_13,int8_qdq,block_13_int8_qdq_7dc81a21bc_31c2b2df80,True,M0,2ce56037225b7551f7e2daf10baae38bab69d1d8b26e15b7dd1097361b1a52a4,direct_outer_hipprof_no_dynamic_session_v3,True,I8II,280,True,11994512,8465547,0,2644844,884121,0,8373050,1067166
M3,14,encoder_block_14,fp16,block_14_fp16_40cd8924c0_ed598b4ef4,True,M2,27665af67d22eac1b95ae9ce5654bd21a967b266a39cfb5d75e49d3893f097f0,direct_outer_hipprof_no_dynamic_session_v3,True,HBH,120,True,8400449,0,5965985,0,959165,0,11805038,970936
M3,15,encoder_block_15,int8_qdq,block_15_int8_qdq_c06da191cc_a0649c57f0,True,M0,bf32caff4a0bac782489ab0aa7fcecb5208f4f8a5307d9a2bb08c749a9950700,direct_outer_hipprof_no_dynamic_session_v3,True,I8II,280,True,11572638,8400774,0,2364695,807169,0,8099764,982957
M3,16,encoder_block_16,int8_qdq,block_16_int8_qdq_93ec2b213b_98c291a188,True,M0,496a19f2fa00b9df266bfd36cb9bd0f5cf53589d66fd8344b276ad3ee00195f1,direct_outer_hipprof_no_dynamic_session_v3,True,I8II,320,True,11995365,8629418,0,2496223,869724,0,7943349,965269
M3,17,encoder_block_17,fp16,block_17_fp16_259d8b15c1_b57209f71e,True,M3,80f2d133a8df6d148267eae2aaa468e41d52812755d3ff5a1391b664128bd3d3,direct_outer_hipprof_no_dynamic_session_v3,True,HBH,120,True,8401579,0,5933042,0,991158,0,12598627,1131551
M3,18,encoder_block_18,int8_qdq,block_18_int8_qdq_031dcebf60_895428bf11,True,M0,b3776267da43326abcbf941198094d5fbb3b06e861ac92d5c7b9777c27eabb87,direct_outer_hipprof_no_dynamic_session_v3,True,I8II,320,True,12279694,8503678,0,2678139,1097877,0,9105302,1019932
M3,19,encoder_block_19,int8_qdq,block_19_int8_qdq_050380a0c4_0ebe3df9ff,True,M0,4453f8f5d032a9b33bef6dada875cbe3172704df8d796df8ad76ac26aabd8d04,direct_outer_hipprof_no_dynamic_session_v3,True,I8II,320,True,11900167,8659319,0,2421514,819334,0,8354192,1063522
M3,20,encoder_block_20,int8_qdq,block_20_int8_qdq_ee4a7309fc_39fbfa471b,True,M0,02370fdc6020f6094e62845f305754a25d17af56cb14d59c0fdcba9c82ca97fb,direct_outer_hipprof_no_dynamic_session_v3,True,I8II,320,True,12461789,8687846,0,2692866,1081077,0,8083111,955832
M3,21,encoder_block_21,int8_qdq,block_21_int8_qdq_1b1bc5c941_9585e586a9,True,M0,059808919788071dd8b15928a52fa81d7dbfbefe321c1d2e1a7b23f3daf54b38,direct_outer_hipprof_no_dynamic_session_v3,True,I8II,320,True,12215863,8668642,0,2565663,981558,0,7896404,964231
M3,22,encoder_block_22,int8_qdq,block_22_int8_qdq_4912f9a7c1_e8dd191863,True,M0,6f2c04f5789e540b6c697ddcf35d8240b8af910118ad566efb8488ac22be693c,direct_outer_hipprof_no_dynamic_session_v3,True,I8II,320,True,12230111,8715046,0,2639255,875810,0,7857875,971472
M3,23,encoder_block_23,int8_qdq,block_23_int8_qdq_8a601ca51e_721fa2e905,True,M0,4370cab8d6c76d243dc7c968c231284df9ee7a04c8af64da7937571994cade03,direct_outer_hipprof_no_dynamic_session_v3,True,I8II,320,True,12294270,8776803,0,2580382,937085,0,7820937,954452
M4,0,encoder_block_00,fp16,block_00_fp16_6ed5ea0b6e_468e3720da,True,M1,23bd7b08aa08352cfa52b0086c3a6aac18b8b0e6a63f3cdbcae7409c667aa62c,direct_outer_hipprof_no_dynamic_session_v3,True,HBH,120,True,12817697,0,5645121,0,994826,0,14287058,1072565
M4,1,encoder_block_01,int8_qdq,block_01_int8_qdq_e2e73df949_3aebb5aa90,True,M0,64217817b4e3b91a36e769ea8f786914b17526b142b029f52a819603c024e938,direct_outer_hipprof_no_dynamic_session_v3,True,I8II,320,True,12146562,8664817,0,2590587,891158,0,7755215,952426
M4,2,encoder_block_02,int8_qdq,block_02_int8_qdq_65010122d1_9d13a028bf,True,M0,1af590eac8734b3db7641606c76f899daea77fc27bf891cf6d89a66d7d45d414,direct_outer_hipprof_no_dynamic_session_v3,True,I8II,320,True,12304788,8716993,0,2461619,1126176,0,7938414,937386
M4,3,encoder_block_03,int8_qdq,block_03_int8_qdq_f2ac12254d_a5e3f4bb7b,True,M0,bc4c7921a4f0a42eeb6b6453bf2f1fa3739a4ee5b017fb5d72ad219f82d9db0c,direct_outer_hipprof_no_dynamic_session_v3,True,I8II,300,True,11789482,8132387,0,3164322,492773,0,7835222,959037
M4,4,encoder_block_04,int8_qdq,block_04_int8_qdq_027d42e523_6718181e1a,True,M0,1003884f53281d0f643346277ff2823ab00069b90c5c1eac07a72fc1bf504586,direct_outer_hipprof_no_dynamic_session_v3,True,I8II,320,True,12042284,8557657,0,2668028,816599,0,8601093,962449
M4,5,encoder_block_05,int8_qdq,block_05_int8_qdq_a9b736c7a5_051903e82c,True,M0,dd58d692d9021f3eac5552fd2b51b488628bc83ad48874d498f4daa400cd8f0e,direct_outer_hipprof_no_dynamic_session_v3,True,I8II,320,True,12118139,8529349,0,2590915,997875,0,8345576,1057792
M4,6,encoder_block_06,int8_qdq,block_06_int8_qdq_5fa3aef4f1_9aedccb2db,True,M0,99e994fb6e778152d7e1e426b27f2a87d927331fd30eb1ec817c58aaf5bed8d3,direct_outer_hipprof_no_dynamic_session_v3,True,I8II,320,True,11925674,8638145,0,2401962,885567,0,7925313,991703
M4,7,encoder_block_07,int8_qdq,block_07_int8_qdq_43c19abe15_212e692eb7,True,M0,a7c127d1e68445a1a3e998b7e4d24eb08b1cac9b65666a537efaa1c384fd6a64,direct_outer_hipprof_no_dynamic_session_v3,True,I8II,320,True,12305985,8666473,0,2667553,971959,0,7798726,988024
M4,8,encoder_block_08,int8_qdq,block_08_int8_qdq_bdd0929d6e_157bf2fae6,True,M0,ceec36efffecc70472fac6ec5336175113b0861d25607da51d3f03d1bdd3b8e1,direct_outer_hipprof_no_dynamic_session_v3,True,I8II,320,True,11957200,8591929,0,2405477,959794,0,7833845,963062
M4,9,encoder_block_09,int8_qdq,block_09_int8_qdq_c52cc13797_62bf69019d,True,M0,a901f2c8349b659c84f8fc0e5fcc487117e287e9975b3143b8c765ffdb5ef018,direct_outer_hipprof_no_dynamic_session_v3,True,I8II,280,True,12085528,8458336,0,2558922,1068270,0,7876207,955613
M4,10,encoder_block_10,int8_qdq,block_10_int8_qdq_02a1744df3_a141aae87d,True,M0,405846029662ef2ac13f94446a6c95433a1a9b40dccbc57814fd2df16f7d861a,direct_outer_hipprof_no_dynamic_session_v3,True,I8II,320,True,12160097,8808557,0,2472853,878687,0,7826078,940506
M4,11,encoder_block_11,int8_qdq,block_11_int8_qdq_d2c4b7a6c9_92caa6e804,True,M0,da7d24b098ef4cf4152f22584f1d065db5475b545416946ed6d403066e0949bc,direct_outer_hipprof_no_dynamic_session_v3,True,I8II,260,True,11469727,7946525,0,2815715,707487,0,8607081,1004666
M4,12,encoder_block_12,int8_qdq,block_12_int8_qdq_a195509275_cf35079fa6,True,M0,0b77016c524cb7567d7016a637335e9f51c13758934b9c20dd5ac1e152aaf6f5,direct_outer_hipprof_no_dynamic_session_v3,True,I8II,320,True,12179627,8661217,0,2580850,937560,0,7854819,961114
M4,13,encoder_block_13,int8_qdq,block_13_int8_qdq_7dc81a21bc_31c2b2df80,True,M0,2ce56037225b7551f7e2daf10baae38bab69d1d8b26e15b7dd1097361b1a52a4,direct_outer_hipprof_no_dynamic_session_v3,True,I8II,280,True,11994512,8465547,0,2644844,884121,0,8373050,1067166
M4,14,encoder_block_14,fp16,block_14_fp16_40cd8924c0_ed598b4ef4,True,M2,27665af67d22eac1b95ae9ce5654bd21a967b266a39cfb5d75e49d3893f097f0,direct_outer_hipprof_no_dynamic_session_v3,True,HBH,120,True,8400449,0,5965985,0,959165,0,11805038,970936
M4,15,encoder_block_15,int8_qdq,block_15_int8_qdq_c06da191cc_a0649c57f0,True,M0,bf32caff4a0bac782489ab0aa7fcecb5208f4f8a5307d9a2bb08c749a9950700,direct_outer_hipprof_no_dynamic_session_v3,True,I8II,280,True,11572638,8400774,0,2364695,807169,0,8099764,982957
M4,16,encoder_block_16,int8_qdq,block_16_int8_qdq_93ec2b213b_98c291a188,True,M0,496a19f2fa00b9df266bfd36cb9bd0f5cf53589d66fd8344b276ad3ee00195f1,direct_outer_hipprof_no_dynamic_session_v3,True,I8II,320,True,11995365,8629418,0,2496223,869724,0,7943349,965269
M4,17,encoder_block_17,fp16,block_17_fp16_259d8b15c1_b57209f71e,True,M3,80f2d133a8df6d148267eae2aaa468e41d52812755d3ff5a1391b664128bd3d3,direct_outer_hipprof_no_dynamic_session_v3,True,HBH,120,True,8401579,0,5933042,0,991158,0,12598627,1131551
M4,18,encoder_block_18,fp16,block_18_fp16_3749f6142e_34460786b2,True,M4,99d3ef8ca4555fda17a025d440bfb8b2bbe0529ff027aea5564ab1fc15899486,direct_outer_hipprof_no_dynamic_session_v3,True,HBH,120,True,8421428,0,5944409,0,989238,0,11961076,1066446
M4,19,encoder_block_19,int8_qdq,block_19_int8_qdq_050380a0c4_0ebe3df9ff,True,M0,4453f8f5d032a9b33bef6dada875cbe3172704df8d796df8ad76ac26aabd8d04,direct_outer_hipprof_no_dynamic_session_v3,True,I8II,320,True,11900167,8659319,0,2421514,819334,0,8354192,1063522
M4,20,encoder_block_20,int8_qdq,block_20_int8_qdq_ee4a7309fc_39fbfa471b,True,M0,02370fdc6020f6094e62845f305754a25d17af56cb14d59c0fdcba9c82ca97fb,direct_outer_hipprof_no_dynamic_session_v3,True,I8II,320,True,12461789,8687846,0,2692866,1081077,0,8083111,955832
M4,21,encoder_block_21,int8_qdq,block_21_int8_qdq_1b1bc5c941_9585e586a9,True,M0,059808919788071dd8b15928a52fa81d7dbfbefe321c1d2e1a7b23f3daf54b38,direct_outer_hipprof_no_dynamic_session_v3,True,I8II,320,True,12215863,8668642,0,2565663,981558,0,7896404,964231
M4,22,encoder_block_22,int8_qdq,block_22_int8_qdq_4912f9a7c1_e8dd191863,True,M0,6f2c04f5789e540b6c697ddcf35d8240b8af910118ad566efb8488ac22be693c,direct_outer_hipprof_no_dynamic_session_v3,True,I8II,320,True,12230111,8715046,0,2639255,875810,0,7857875,971472
M4,23,encoder_block_23,int8_qdq,block_23_int8_qdq_8a601ca51e_721fa2e905,True,M0,4370cab8d6c76d243dc7c968c231284df9ee7a04c8af64da7937571994cade03,direct_outer_hipprof_no_dynamic_session_v3,True,I8II,320,True,12294270,8776803,0,2580382,937085,0,7820937,954452
M5,0,encoder_block_00,fp16,block_00_fp16_6ed5ea0b6e_468e3720da,True,M1,23bd7b08aa08352cfa52b0086c3a6aac18b8b0e6a63f3cdbcae7409c667aa62c,direct_outer_hipprof_no_dynamic_session_v3,True,HBH,120,True,12817697,0,5645121,0,994826,0,14287058,1072565
M5,1,encoder_block_01,int8_qdq,block_01_int8_qdq_e2e73df949_3aebb5aa90,True,M0,64217817b4e3b91a36e769ea8f786914b17526b142b029f52a819603c024e938,direct_outer_hipprof_no_dynamic_session_v3,True,I8II,320,True,12146562,8664817,0,2590587,891158,0,7755215,952426
M5,2,encoder_block_02,int8_qdq,block_02_int8_qdq_65010122d1_9d13a028bf,True,M0,1af590eac8734b3db7641606c76f899daea77fc27bf891cf6d89a66d7d45d414,direct_outer_hipprof_no_dynamic_session_v3,True,I8II,320,True,12304788,8716993,0,2461619,1126176,0,7938414,937386
M5,3,encoder_block_03,int8_qdq,block_03_int8_qdq_f2ac12254d_a5e3f4bb7b,True,M0,bc4c7921a4f0a42eeb6b6453bf2f1fa3739a4ee5b017fb5d72ad219f82d9db0c,direct_outer_hipprof_no_dynamic_session_v3,True,I8II,300,True,11789482,8132387,0,3164322,492773,0,7835222,959037
M5,4,encoder_block_04,int8_qdq,block_04_int8_qdq_027d42e523_6718181e1a,True,M0,1003884f53281d0f643346277ff2823ab00069b90c5c1eac07a72fc1bf504586,direct_outer_hipprof_no_dynamic_session_v3,True,I8II,320,True,12042284,8557657,0,2668028,816599,0,8601093,962449
M5,5,encoder_block_05,int8_qdq,block_05_int8_qdq_a9b736c7a5_051903e82c,True,M0,dd58d692d9021f3eac5552fd2b51b488628bc83ad48874d498f4daa400cd8f0e,direct_outer_hipprof_no_dynamic_session_v3,True,I8II,320,True,12118139,8529349,0,2590915,997875,0,8345576,1057792
M5,6,encoder_block_06,int8_qdq,block_06_int8_qdq_5fa3aef4f1_9aedccb2db,True,M0,99e994fb6e778152d7e1e426b27f2a87d927331fd30eb1ec817c58aaf5bed8d3,direct_outer_hipprof_no_dynamic_session_v3,True,I8II,320,True,11925674,8638145,0,2401962,885567,0,7925313,991703
M5,7,encoder_block_07,int8_qdq,block_07_int8_qdq_43c19abe15_212e692eb7,True,M0,a7c127d1e68445a1a3e998b7e4d24eb08b1cac9b65666a537efaa1c384fd6a64,direct_outer_hipprof_no_dynamic_session_v3,True,I8II,320,True,12305985,8666473,0,2667553,971959,0,7798726,988024
M5,8,encoder_block_08,int8_qdq,block_08_int8_qdq_bdd0929d6e_157bf2fae6,True,M0,ceec36efffecc70472fac6ec5336175113b0861d25607da51d3f03d1bdd3b8e1,direct_outer_hipprof_no_dynamic_session_v3,True,I8II,320,True,11957200,8591929,0,2405477,959794,0,7833845,963062
M5,9,encoder_block_09,int8_qdq,block_09_int8_qdq_c52cc13797_62bf69019d,True,M0,a901f2c8349b659c84f8fc0e5fcc487117e287e9975b3143b8c765ffdb5ef018,direct_outer_hipprof_no_dynamic_session_v3,True,I8II,280,True,12085528,8458336,0,2558922,1068270,0,7876207,955613
M5,10,encoder_block_10,int8_qdq,block_10_int8_qdq_02a1744df3_a141aae87d,True,M0,405846029662ef2ac13f94446a6c95433a1a9b40dccbc57814fd2df16f7d861a,direct_outer_hipprof_no_dynamic_session_v3,True,I8II,320,True,12160097,8808557,0,2472853,878687,0,7826078,940506
M5,11,encoder_block_11,int8_qdq,block_11_int8_qdq_d2c4b7a6c9_92caa6e804,True,M0,da7d24b098ef4cf4152f22584f1d065db5475b545416946ed6d403066e0949bc,direct_outer_hipprof_no_dynamic_session_v3,True,I8II,260,True,11469727,7946525,0,2815715,707487,0,8607081,1004666
M5,12,encoder_block_12,int8_qdq,block_12_int8_qdq_a195509275_cf35079fa6,True,M0,0b77016c524cb7567d7016a637335e9f51c13758934b9c20dd5ac1e152aaf6f5,direct_outer_hipprof_no_dynamic_session_v3,True,I8II,320,True,12179627,8661217,0,2580850,937560,0,7854819,961114
M5,13,encoder_block_13,int8_qdq,block_13_int8_qdq_7dc81a21bc_31c2b2df80,True,M0,2ce56037225b7551f7e2daf10baae38bab69d1d8b26e15b7dd1097361b1a52a4,direct_outer_hipprof_no_dynamic_session_v3,True,I8II,280,True,11994512,8465547,0,2644844,884121,0,8373050,1067166
M5,14,encoder_block_14,fp16,block_14_fp16_40cd8924c0_ed598b4ef4,True,M2,27665af67d22eac1b95ae9ce5654bd21a967b266a39cfb5d75e49d3893f097f0,direct_outer_hipprof_no_dynamic_session_v3,True,HBH,120,True,8400449,0,5965985,0,959165,0,11805038,970936
M5,15,encoder_block_15,fp16,block_15_fp16_1efb1f899a_31f0099d40,False,M5,d9d3024b02d2bd1ca309c4c1b574d75db218749467b2aa2bfb3b5a2035535783,direct_outer_hipprof_no_dynamic_session_v3,True,HBH,120,True,8334842,0,5893663,0,967322,0,15254147,1146760
M5,16,encoder_block_16,fp16,block_16_fp16_970196b84b_5d3c6ad9f8,False,M5,15ccbf84285208622083f2b6f20a01c60e51690236b8acc799fa17e77f3fe8eb,direct_outer_hipprof_no_dynamic_session_v3,True,HBH,120,True,8475821,0,5997833,0,995004,0,11819652,992922
M5,17,encoder_block_17,fp16,block_17_fp16_259d8b15c1_b57209f71e,True,M3,80f2d133a8df6d148267eae2aaa468e41d52812755d3ff5a1391b664128bd3d3,direct_outer_hipprof_no_dynamic_session_v3,True,HBH,120,True,8401579,0,5933042,0,991158,0,12598627,1131551
M5,18,encoder_block_18,fp16,block_18_fp16_3749f6142e_34460786b2,True,M4,99d3ef8ca4555fda17a025d440bfb8b2bbe0529ff027aea5564ab1fc15899486,direct_outer_hipprof_no_dynamic_session_v3,True,HBH,120,True,8421428,0,5944409,0,989238,0,11961076,1066446
M5,19,encoder_block_19,fp16,block_19_fp16_e77df363f2_dfd212916a,False,M5,002a9f5ba51de5eb25284ab3a618a2fdf83081933d6e4226e2f4fdf6c7b04a12,direct_outer_hipprof_no_dynamic_session_v3,True,HBH,120,True,8444800,0,5971769,0,985244,0,11967217,1009692
M5,20,encoder_block_20,fp16,block_20_fp16_64e05e03e4_a08c26d6f9,False,M5,ff87e6dd526f38efcb2cdeadcc85032125585c51ea41552dd1791fe8f6d544a1,direct_outer_hipprof_no_dynamic_session_v3,True,HBH,120,True,8420160,0,5944094,0,974042,0,12044594,987041
M5,21,encoder_block_21,fp16,block_21_fp16_fb99ecc8c1_63e6bf24bc,False,M5,babc5c05a35f7c65bd56cf5e28defb973ccdd1cf8bb0d4bdf29061cab4d4d2ae,direct_outer_hipprof_no_dynamic_session_v3,True,HBH,120,True,8469445,0,6000416,0,978206,0,12879146,1094894
M5,22,encoder_block_22,int8_qdq,block_22_int8_qdq_4912f9a7c1_e8dd191863,True,M0,6f2c04f5789e540b6c697ddcf35d8240b8af910118ad566efb8488ac22be693c,direct_outer_hipprof_no_dynamic_session_v3,True,I8II,320,True,12230111,8715046,0,2639255,875810,0,7857875,971472
M5,23,encoder_block_23,int8_qdq,block_23_int8_qdq_8a601ca51e_721fa2e905,True,M0,4370cab8d6c76d243dc7c968c231284df9ee7a04c8af64da7937571994cade03,direct_outer_hipprof_no_dynamic_session_v3,True,I8II,320,True,12294270,8776803,0,2580382,937085,0,7820937,954452
