variant,miou,water_iou,boundary_water_iou,pixel_accuracy,prediction_agreement_percent,fp32_blocks,fp16_blocks,int8_blocks,task_status,strict_mae,strict_max_abs,strict_class_agreement_percent,strict_status,onnx_mib,mxr_mib,total_mib,reduction_vs_segmented_fp32_percent,compression_ratio,model_only_median_ms,end_to_end_logits_median_ms,speed_factor_vs_segmented_fp32,incremental_vram_gib,performance_status
FP32,0.860587,0.757838,0.362581,0.967110,100.0000,24,0,0,reference,,,,reference,1218.134,1348.290,2566.424,0.000,1.000,21.349,22.209,1.000,19.230,passed
Full FP16,0.860456,0.757588,0.361931,0.967094,99.9812,0,24,0,passed,0.003715,0.013458,100.0000,failed (MAE),609.370,675.386,1284.756,49.940,1.998,,,,,separate monolithic scope
M0,0.859288,0.755400,0.361058,0.966947,99.7071,0,0,24,passed,0.110935,0.609328,99.9960,failed,350.990,412.960,763.951,70.233,3.359,24.136,24.823,0.895,17.2-17.4,unstable
M1,0.860324,0.757386,0.362813,0.967077,99.8789,0,1,23,passed,0.126587,0.473313,100.0000,failed,364.016,425.362,789.378,69.242,3.251,23.550,24.274,0.915,17.2-17.4,passed
M2,0.860044,0.756883,0.362193,0.967050,99.8731,0,2,22,passed,0.094231,0.407406,100.0000,failed,375.936,437.417,813.353,68.308,3.155,23.411,24.179,0.919,17.2-17.4,passed
M3,0.860228,0.757201,0.362100,0.967065,99.8767,0,3,21,passed,0.104744,0.387089,100.0000,failed,387.856,449.666,837.522,67.366,3.064,23.118,23.925,0.928,17.2-17.4,passed
M4,0.860371,0.757470,0.362530,0.967085,99.8753,0,4,20,passed,0.108455,0.393831,100.0000,failed,399.776,461.913,861.689,66.425,2.978,22.829,23.540,0.944,17.2-17.4,passed
M5,0.860272,0.757295,0.362517,0.967029,99.8781,0,9,15,passed,0.092546,0.388980,100.0000,failed,459.375,522.384,981.759,61.746,2.614,21.339,22.080,1.006,17.2-17.4,passed (latency parity)

