block_index,scene_count,L_mae_median,L_mae_mean,L_mae_p75,L_mae_p90,L_mae_max,L_max_abs_median,L_max_abs_mean,L_max_abs_p75,L_max_abs_p90,L_max_abs_max,L_relative_l2_median,L_relative_l2_mean,L_relative_l2_p75,L_relative_l2_p90,L_relative_l2_max,C_mae_median,C_mae_mean,C_mae_p75,C_mae_p90,C_mae_max,C_max_abs_median,C_max_abs_mean,C_max_abs_p75,C_max_abs_p90,C_max_abs_max,C_relative_l2_median,C_relative_l2_mean,C_relative_l2_p75,C_relative_l2_p90,C_relative_l2_max,P_mae_median,P_mae_mean,P_mae_p75,P_mae_p90,P_mae_max,P_max_abs_median,P_max_abs_mean,P_max_abs_p75,P_max_abs_p90,P_max_abs_max,P_relative_l2_median,P_relative_l2_mean,P_relative_l2_p75,P_relative_l2_p90,P_relative_l2_max
0,64,0.3452049723147856,0.3358003746714908,0.39039962841798764,0.41611463618047967,0.44056478770744956,2.6676130294799805,2.762350909411907,3.1486034989356995,3.645592880249024,4.973148345947266,0.19398585357670406,0.19088894460711592,0.22032821875651487,0.25308244438474947,0.30425453636882244,0.3452049723147856,0.3358003746714908,0.39039962841798764,0.41611463618047967,0.44056478770744956,2.6676130294799805,2.762350909411907,3.1486034989356995,3.645592880249024,4.973148345947266,0.19398585357670406,0.19088894460711592,0.22032821875651487,0.25308244438474947,0.30425453636882244,0.0,0.0,0.0,0.0,0.0,0.0,0.0,0.0,0.0,0.0,0.0,0.0,0.0,0.0,0.0
1,64,0.07307521078014406,0.07398059981030106,0.07638419772662176,0.07950607700504622,0.15384170602005873,1.9881869554519653,1.951122187776491,2.1486531496047974,2.3369920015335084,3.4942474365234375,0.04470225992546549,0.04529180326306452,0.04729347316367559,0.051495447886406656,0.058400374430374546,0.385070740765754,0.39484934955178497,0.44310730728718617,0.4883956048203524,0.520429209553833,5.181062698364258,5.747519405558705,7.255307197570801,8.930300903320314,10.897005081176758,0.21905088423480593,0.2184394016130265,0.2515928876139544,0.27891383924251356,0.32588960818608786,0.3806994372326147,0.39043183894779243,0.43779994014074547,0.48593348571522027,0.5177593907268466,5.39396858215332,5.888146623969078,7.534754753112793,8.826941299438477,11.23253059387207,0.21727996720670179,0.21623198204169455,0.2513972947421189,0.27755111859042864,0.3248812811389817
2,64,0.07533591988037222,0.07702231326720266,0.07629027085408029,0.07802949146479274,0.13535744454281015,0.9443933963775635,1.0910704568959773,1.0503654479980469,1.5073295593261722,2.9575653076171875,0.040170265885541144,0.04142288904804294,0.04530638787194902,0.04881004051698696,0.05886175488962831,0.4587214259314301,0.4658752203562493,0.5117304231029061,0.5567052180708961,0.6483140276323418,5.7025041580200195,6.030239433050156,7.169090747833252,8.384997367858887,12.326602935791016,0.25016746938682743,0.2549849488487841,0.29677271841118874,0.32078362132143295,0.37038942298076005,0.45944330885156737,0.46775331616469984,0.5172944758328202,0.5585657953443838,0.649364895126792,5.691642761230469,5.9709298852831125,7.238931179046631,8.430384254455568,12.108955383300781,0.2506841063345607,0.25552466774666693,0.2971756132416222,0.32161642409318303,0.3708997072734169
3,64,0.070256218795544,0.07125213642149601,0.07201504464404389,0.07515746457159142,0.09975515581921399,0.7728030681610107,0.8905763141810894,1.0116832256317139,1.4373443603515628,2.035247802734375,0.03794273704264974,0.03777015363269884,0.042906748055037185,0.045819812645381514,0.053058209670680465,0.517937618744527,0.5195124212635829,0.5666866592644975,0.6133861903724382,0.7101283203926692,7.778867721557617,7.882073137909174,9.752527713775635,11.116654586791993,16.225400924682617,0.27211105293977966,0.2811618528231415,0.32299921650120383,0.3580370488121629,0.3958509787074323,0.5192470240968323,0.5205676106873958,0.5676295339042652,0.6140586946846068,0.7117915773597904,7.7768659591674805,7.847543970681727,9.592988967895508,11.186581230163576,16.47432518005371,0.2726161474687369,0.28155999573850377,0.3233709683278528,0.3591527422198786,0.39703383114252533
4,64,0.06140011950431842,0.06204992391234414,0.0627007946029671,0.06425325509962049,0.09954239750568654,0.7914255261421204,0.9596784741152078,0.9789401888847351,1.7394752502441406,2.4808826446533203,0.03452209156623601,0.034571521868106664,0.038732266310638176,0.04014088535908404,0.04354511633154151,0.5423209297212542,0.5424198451287501,0.5908562366141766,0.639042241274,0.7288117458871809,7.684048652648926,7.95240967720747,9.364778518676758,11.19380111694336,15.53512191772461,0.29213974725232433,0.3006903593832442,0.346732886552079,0.3889612551827031,0.43668226985383046,0.5427962375011199,0.5421698128868125,0.5909884305072374,0.6386103240334143,0.728266476664458,7.973262786865234,8.092058006674051,9.41542387008667,11.347077560424806,15.809539794921875,0.29142915934320723,0.30064890137862654,0.34769783490507067,0.3895685293775784,0.43743840947549356
5,64,0.06478502613419473,0.06501507163089143,0.06616914538590662,0.06722480665290441,0.09905420041794978,0.8113431930541992,0.8108370658010244,0.9069986343383789,1.0222789764404296,1.1278266906738281,0.033938279150436367,0.034748056034009406,0.03916478278110261,0.04120716097577162,0.04357265399390042,0.5799106210300743,0.5739583369730238,0.6269132829182805,0.676815243676136,0.7586801191675834,7.2910966873168945,7.762258602306247,9.777061939239502,10.653288650512696,13.981035232543945,0.30645594413148103,0.3141199654875419,0.3609850117848745,0.40298077132036886,0.44891926124307135,0.5790027533543546,0.5738963876201948,0.6268202026174741,0.6774912545697934,0.7588962101106305,7.3121232986450195,7.897646453231573,9.712368488311768,11.014155197143555,14.156394958496094,0.3064352617996962,0.31435027309977776,0.3617483127052903,0.4036313378912183,0.4509188517049797
6,64,0.07064965445448781,0.0720046370654839,0.07341284462092051,0.07667154418989451,0.0915313226778842,0.6592378616333008,0.6680230367928743,0.7073421478271484,0.7664066314697265,1.3752517700195312,0.03850448610274122,0.03809779470917066,0.04152209227316597,0.04320859832337463,0.04559777677861072,0.5977958601308738,0.5928182218739538,0.6422317813133697,0.6898129915856562,0.7779822479073295,7.080663681030273,7.408216878306121,8.809523105621338,10.36829071044922,13.299354553222656,0.3159114756713159,0.32226296008444927,0.36708756219628097,0.4051692118450038,0.44252587146233613,0.5957180213052651,0.5904078915804134,0.6391687847524493,0.6878080573755261,0.7758341968968623,6.911491394042969,7.300474233459681,8.8331937789917,10.109409523010255,13.041648864746094,0.3141557476933011,0.3209696021518509,0.3656732616135101,0.40440580441376595,0.44110902826966264
7,64,0.07089377794256835,0.07130557592593945,0.07178747341710515,0.07388118361050434,0.09097385045936739,0.9987659454345703,1.0265516554936767,1.2693142890930176,1.4326843261718751,1.5912513732910156,0.03799544533369263,0.03761282183449616,0.040937972590156135,0.04251611970080967,0.04430443955660506,0.5998017774914877,0.5969971433954547,0.6459968716389777,0.6853137975226948,0.7627819099250062,8.001954555511475,8.456102270632982,9.928399085998535,12.05451192855835,15.185758590698242,0.31713759927460905,0.3223523876157036,0.36472875334145877,0.4017422579990922,0.4292736534411038,0.5966964216824661,0.593498657781113,0.6431224145973401,0.683302263060171,0.7602423167527157,7.751645088195801,8.262416442856193,9.965668678283691,11.88688268661499,15.024393081665039,0.3150653375927307,0.3205468394445876,0.36292695290710736,0.4003180452831136,0.4290893182334516
8,64,0.10033746225863335,0.10129802145724748,0.10209850298074338,0.10467319029848844,0.12262445097246943,0.6892738342285156,0.6915967739187181,0.7166337966918945,0.7379101037979127,0.8697662353515625,0.05561788519505416,0.05531201364892896,0.06058864653267459,0.0634272185691439,0.0663911025297423,0.582343127965717,0.579913421557221,0.6247002920231683,0.6631695704045268,0.730440938918086,7.08573055267334,7.475086819380522,8.648966073989868,10.59304432868958,13.752222061157227,0.31946789021484245,0.32395972429339104,0.36780952135042894,0.4032088768210806,0.4241550512917408,0.5756980685718373,0.5725428652516661,0.617153578037875,0.6562569625987605,0.7250389008524639,7.037168502807617,7.442154619842768,8.716609239578247,10.485852575302127,13.769928932189941,0.3162745899020822,0.32026347866037475,0.36397817917526143,0.398329226939531,0.41920552103603176
9,64,0.07370364834065904,0.07415907964879831,0.07510779252311627,0.07789381122528571,0.07977924191904634,0.7695261240005493,0.7852889350615442,0.8979105651378632,1.0002373695373536,1.4865285158157349,0.041841677710564795,0.04124594717665888,0.04543888593697945,0.047337925085279356,0.04971370934334039,0.5776151736650089,0.5768829052886458,0.6151090626917326,0.6554154768168082,0.7289602746162581,5.147192150354385,5.556152096949518,6.064714431762695,6.72696647644043,10.356819152832031,0.3228978231395096,0.32682625968700196,0.37135853777682926,0.40412203503980026,0.4266591708511602,0.5743473875258661,0.5734834462361426,0.6118991438206546,0.6529990306176799,0.7267646860783875,5.168711304664612,5.543993761530146,6.077306509017944,6.727739524841309,10.210667610168457,0.320690254923084,0.32494363971416984,0.36908895026973776,0.4018190252391021,0.425305335563459
10,64,0.09800621048387363,0.09809029781449738,0.09901945448320093,0.10006121549928096,0.10615196708514757,1.7423992156982422,1.753256680443883,1.8458421230316162,1.9276140928268433,2.276625156402588,0.05609219534674905,0.055120829649189435,0.06054970691332731,0.0623493987060889,0.06716839134109859,0.5780884179387651,0.577609322255622,0.6133231727967311,0.6485915605443495,0.7348182237557813,5.551134645938873,5.697608059737831,6.197176694869995,6.87339848279953,7.875870227813721,0.32142061748734463,0.32422366444389655,0.3652216169935234,0.395971691477938,0.420575139471919,0.5697433096669358,0.5690664985754801,0.6070878066213063,0.6432754725373117,0.7257329351727484,5.2966248989105225,5.441063569160178,6.171003222465515,6.592007803916931,7.690380811691284,0.3169359958096289,0.31967988877263037,0.3599379930223886,0.39198869562462285,0.41575335320070955
11,64,0.09011530903928572,0.0882820377916473,0.09319887069281144,0.09579812458075822,0.10290219676315807,0.9518784433603287,0.9429281300399452,1.0620315857231617,1.1318100452423097,1.5303462743759155,0.05332085440041487,0.05161178736508454,0.05683739920001002,0.060090169159138916,0.06640652144251005,0.57083122180898,0.5714842668460962,0.6086500378072415,0.6365017514528116,0.7133879036692659,6.102041006088257,6.377767228987068,6.952073514461517,8.097545313835145,10.299240589141846,0.31962205541657185,0.3235248333092333,0.3637411459637716,0.39219578839010877,0.4133590621969787,0.5617214360459372,0.5606786004751981,0.5994964644484942,0.6299217674402005,0.7065759885029165,5.910690665245056,6.225732535123825,6.782742977142334,7.873082232475281,9.8049635887146,0.31419362622255653,0.31802487526687384,0.3571215993121289,0.38716296284929663,0.41000596023113484
12,64,0.05610596617627846,0.055453043610382294,0.05801357156776057,0.06118637065412078,0.0635542136602663,0.8947159126400948,0.9094297509873286,1.0484465062618256,1.1623582482337953,1.861195594072342,0.03651475442456488,0.035312362481966744,0.0392456992415868,0.04310299767940839,0.04607567543994103,0.5673110854491985,0.5678618535628963,0.6042840825391668,0.6316219415621024,0.7072468482486872,6.33611398935318,6.578413647366688,7.174180991947651,8.122333467006683,10.352299332618713,0.3262371029878488,0.33119378401411376,0.3725509243987188,0.4015824378744321,0.4220832088177966,0.5642188078094625,0.5650057395188355,0.6024426321401609,0.6304933851807023,0.7047156286081083,6.407628059387207,6.567441700375639,7.109054438769817,8.085228526592255,10.377737641334534,0.32452963024316384,0.32964841728730876,0.3701842673530714,0.4000842471213576,0.42148795023699775
13,64,0.08209876760546878,0.08214686313140679,0.08334090889439832,0.08436093573685828,0.08655955157898235,0.5609089434146881,0.5859748418442905,0.5869361832737923,0.651715698838234,1.6375045776367188,0.0469157656075408,0.046329366172304626,0.05048160085273378,0.05311418841163741,0.05626777755604795,0.5995362166790983,0.5988316918326182,0.6314436253981183,0.6573641879357711,0.7405974695342515,6.666384696960449,6.780674883630127,7.365682780742645,8.288484811782837,10.450045108795166,0.33784605748502405,0.3425461734471226,0.38431682207561807,0.4144439106192727,0.43810429690972325,0.5943051579901534,0.5938596565547802,0.6257319871972831,0.651989721586813,0.7372637791068504,6.649183630943298,6.775066659087315,7.430699110031128,8.262038362026216,10.5084810256958,0.3356222554010445,0.339886200409572,0.381510949240749,0.41219719376394276,0.43423805606627586
14,64,0.13134254432952014,0.13142880505883428,0.13256150249208395,0.13438788719585282,0.13942551812423803,0.8206437230110168,0.8342838870012201,0.8733413219451904,0.9041918892413379,1.218629240989685,0.07493244068574617,0.07427820030855574,0.08028493280055587,0.0847985104240461,0.08874896692046833,0.6045711253279855,0.605398110805901,0.6388121286310225,0.6588068258875546,0.7420451477020031,6.799644857645035,6.844754231162369,7.448949486017227,8.338986670970916,10.298083305358887,0.34276927944754954,0.3471706019903529,0.3855767111339272,0.41818186274763,0.44250523005362963,0.5916214383219079,0.590944311338045,0.6225994824885356,0.6470091279113999,0.7326852532351237,6.764447391033173,6.835949978325516,7.440305173397064,8.30819093286991,10.502504467964172,0.3343904562206216,0.3398826148770342,0.37810190668555277,0.4104046559318678,0.43461583735179216
15,64,0.1092697427163825,0.10939164564566074,0.11048232418166073,0.11215655823998745,0.12659975902914794,0.6003373265266418,0.5971174524747767,0.6162528395652771,0.6529543846845627,0.7087637931108475,0.06112868370300434,0.06042973572390987,0.06335790441874553,0.0667017063997007,0.07195383897410133,0.6086664243457185,0.6076163813359623,0.6341405604918989,0.6639115334183414,0.7483566224430128,6.744607090950012,6.750038214959204,7.291105210781097,8.27012026309967,10.20542699098587,0.3411915266690795,0.34606257043419414,0.38352910812830837,0.4152345161384621,0.435796380422088,0.5979159182495971,0.5978985384498019,0.6246848619304476,0.6533942553006907,0.7416669431932181,6.648240447044373,6.754344054381363,7.278419137001038,8.271147787570953,10.259965658187866,0.3362867133401897,0.3412134993775143,0.37889824461241867,0.40973346254117554,0.42990999235231986
16,64,0.09964248516836116,0.09934444162239645,0.10162357169480794,0.1027293456494036,0.1042938357505195,0.8752526044845581,0.8767282319022343,0.9922771453857422,1.0596885681152344,1.3000049591064453,0.05649349900758262,0.05518505600091592,0.06003609509396923,0.06165093062778697,0.06481720676875471,0.6172607797813845,0.6184280171230321,0.6421585405473809,0.6749819452018373,0.756286537594165,6.728988170623779,6.861393085913733,7.717598095536232,8.391613233089448,10.278879523277283,0.34170130109450136,0.3450330582753983,0.3794297977843657,0.4129276183754619,0.43311109313105195,0.6099061059744808,0.6107921355379191,0.6346201375854622,0.6682417957550285,0.7498207716469553,6.627268433570862,6.811405724612996,7.619068577885628,8.398880875110626,10.16743266582489,0.33823322535743816,0.3411522822255513,0.37548059819461066,0.4094052555045566,0.4298211478426566
17,64,0.13876252182422413,0.13762167167980568,0.14178178315885023,0.1434839628464755,0.14599974844037808,1.1836148500442505,1.171030376222916,1.2845042645931244,1.3899922147393227,1.5763629451394081,0.07862342620596822,0.07595482489951372,0.08153530396428105,0.08436000377536876,0.09042283408660981,0.6339289163355384,0.6342827594677148,0.6560015993624827,0.6875942429480917,0.773037892858019,6.860886514186859,7.161671743961051,8.035823404788971,9.073810946941377,10.23706305027008,0.3470903482813097,0.3492175770713753,0.38225502657909993,0.41423755563057124,0.4353700402338985,0.6193338891210399,0.6212154256011972,0.6440794266058241,0.6763404859514758,0.7610707649070481,6.818335175514221,7.116717495024204,8.130212843418121,8.969240522384643,10.193912625312805,0.3403712586409159,0.3426177323292307,0.3749882449880411,0.40814774306233625,0.4306952816989046
18,64,0.12818736504323155,0.12855825001367596,0.12969767274938196,0.13253978707609826,0.13574063842105805,0.8716273158788681,0.8765159573522396,0.9464773535728455,1.0108666658401488,1.1313458979129791,0.0689604075541404,0.06843578189865437,0.07283540490345945,0.07583367459006247,0.08073478945385988,0.6636025982967986,0.6621047240370171,0.6885889354959244,0.7156981321811833,0.8082039250570704,7.314910054206848,7.568361297919182,8.69431483745575,9.946859383583071,11.151409149169922,0.35381306221211073,0.355781402828874,0.38913942316156136,0.42015337460576735,0.4437484731328611,0.6495341015515881,0.6484214096740828,0.6753152115304842,0.7026206426986715,0.7968246959577603,7.28455126285553,7.545408447476802,8.588133253157139,9.807387840747834,11.107646942138672,0.34675131391627934,0.34904149643192095,0.382195164401153,0.4139176464149021,0.4371006925145364
19,64,0.11338984688738511,0.11328374400258295,0.11608048718082026,0.11719805714000855,0.11914514884038917,0.8316062092781067,0.8396533457562327,0.9082769528031349,0.9994965255260468,1.153824806213379,0.060160478488226574,0.0589796672543602,0.06253924368905675,0.06397187933713996,0.06854743920246274,0.6956646130646326,0.6938907454868616,0.7235529191066843,0.7497095572259416,0.8462206770189076,7.624614953994751,7.997158751823008,9.184947788715363,10.637385845184326,12.474079132080078,0.3633921032049618,0.36493298925153206,0.39536667966758476,0.4285964974439499,0.45787660334197405,0.6847597961121268,0.6828236735692546,0.714678879706781,0.7390849205827474,0.8365249265046196,7.502185046672821,7.960947752464563,9.126585960388184,10.7004873752594,12.501319885253906,0.35702750001968486,0.35948952254650723,0.3912854059488602,0.42310728726319446,0.4536081971852217
20,64,0.11498320322650232,0.11468340389984817,0.11660268059498514,0.11770100989929891,0.12147600728490796,0.663105696439743,0.6669566998025402,0.6882988810539246,0.7191427916288375,0.7895281314849854,0.05872928280077035,0.05847284142523029,0.06057034251818326,0.06470375721109743,0.07101765160243673,0.7303804267605442,0.727860828151624,0.7605562567897556,0.7867170219670752,0.8796662451339621,7.923441648483276,8.2258042935282,9.44246855378151,10.555403137207032,13.142644882202148,0.37162063088334774,0.3748828695174526,0.4050014032210465,0.4386012780645681,0.4643280367403827,0.7206075823725444,0.7182969410569023,0.7512594936834075,0.777097496447981,0.8721182547225913,7.830658197402954,8.162343590520322,9.425648957490921,10.391822242736817,12.98908805847168,0.36648390306994727,0.3703153615686542,0.40111521230190317,0.43439300239941153,0.4604708670650387
21,64,0.10811915581745614,0.10882653437287311,0.11035791061991308,0.11178173572310798,0.1252989906807661,0.6266913115978241,0.6323803492123261,0.6695690527558327,0.6795593291521073,0.8988218307495117,0.05433581749272295,0.0536697151589094,0.05586848451155346,0.05809654298006171,0.06468251399143904,0.7548039718644234,0.7539862753070884,0.7869889792256684,0.8175890295290095,0.9089753613992524,8.273090362548828,8.462825153954327,9.693121552467346,10.746085512638093,13.892065048217773,0.3746823057129005,0.3781246565729622,0.4073969185479415,0.43710978505911907,0.4654521750764836,0.7489654452422723,0.7490238981311379,0.7837812040465097,0.8132786437996045,0.9057329968558785,8.168943405151367,8.364784046076238,9.595600664615631,10.672400975227356,13.631860733032227,0.37296860775180907,0.3758404377989022,0.4056314474458376,0.43645954909837237,0.464341657586843
22,64,0.039330040093076876,0.03957729547490202,0.040504966541468714,0.04147416378309503,0.05243590604103826,0.2568114995956421,0.26167474972316995,0.27561236917972565,0.30738584250211715,0.3446636199951172,0.01873079554405658,0.018722532549975218,0.019299561618181436,0.019771730734114208,0.0212311765952304,0.7807454173586303,0.783411734446845,0.8200522849294319,0.8468023466801383,0.951894249352987,8.05464231967926,8.529979988466948,9.891544342041016,11.197648620605468,13.848583221435547,0.3750742698225804,0.3756980147685422,0.40605112096654705,0.4271388781819187,0.4641835519796922,0.7806749524535157,0.783018247791621,0.8194842404247549,0.8462347839240072,0.9510051040454766,8.042299389839172,8.52893329411745,9.900567293167114,11.194808197021484,13.851139068603516,0.37470997314580695,0.37551422037694504,0.4056690968343924,0.42688172935417895,0.46359134685307896
23,64,0.04558907696226212,0.04569103042954109,0.04586452469003292,0.046386605951937394,0.053896272310722165,0.4584541320800781,0.4831111282110214,0.530019998550415,0.5896148681640625,0.8071136474609375,0.018355957232484364,0.018255396555729622,0.018626038800578996,0.019227054630714377,0.020159979979927908,0.784779565952082,0.7873699978906259,0.8244991752206623,0.8492537575097546,0.9566675033191168,7.656048566102982,8.105591335333884,9.4737868309021,10.30010757446289,12.107681274414062,0.32340149277860003,0.3215686062769857,0.34442304655180483,0.3616860007987112,0.39730010152865464,0.7855353407342713,0.7880890218836001,0.8250909243751241,0.8497715060741363,0.9573339320702174,7.614339619874954,8.103728401940316,9.371323943138123,10.280304718017579,11.919355869293213,0.32365374782159045,0.32184673166373573,0.34472314848697716,0.36192693471735143,0.39769502402046436
