name,fp16_blocks,miou,water_iou,boundary_water_iou_corrected,loss,prediction_agreement_vs_fp32,miou_delta_pp,water_iou_delta_pp,boundary_delta_pp,task_admission_passed
Early-9,0;1;2;3;4;5;6;7;8,0.8345650137439986,0.6947060320692288,0.32414889389323087,0.07135404169529157,0.9996128410129461,0.004663846330132948,0.007770572517451502,0.047903345390742924,True
Late-9,15;16;17;18;19;20;21;22;23,0.8341637167476026,0.6938904817689934,0.32370414445633106,0.0714806885669755,0.9980649246911004,-0.03546585330946872,-0.07378445750608753,0.0034284017007613077,True
Legacy-M5,0;14;15;16;17;18;19;20;21,0.8346961784795228,0.6949556082622248,0.3237306567836425,0.07143570133605806,0.9991968969710926,0.017780319882554352,0.03272819181705522,0.006079634431904735,True
M0-R,,0.8339724933641,0.6935219772952215,0.32249303277677754,0.07145135451343954,0.9980400975813357,-0.05458819165973239,-0.11063490488327776,-0.11768276625458984,True
M1-R,0,0.8346579285300741,0.6948789732495887,0.3230292425045287,0.07145648728443897,0.9991540792020783,0.013955324937686697,0.025064690553444624,-0.06406179347947516,True
M2-R,0;14,0.8347265496479994,0.6949904046421522,0.32254764193969876,0.07139037889198585,0.9991857427623578,0.020817436730213856,0.036207829809797865,-0.11222184996246831,True
M3-R,0;14;17,0.8345875607496016,0.6947352146748275,0.3226214980340922,0.07138462184987261,0.999170990421773,0.0069185468904331415,0.01068883307732138,-0.10483624052312623,True
M4-R,0;14;17;18,0.8347330416199709,0.6950180879492447,0.32295319384956706,0.07141277285977714,0.999173509114068,0.02146663392735837,0.03897616051904418,-0.07166665897563873,True
M5-R,0;8;10;14;15;17;18;19;20,0.8347077781419504,0.6949883052887345,0.32370219989094506,0.07142753472784959,0.9991922193996877,0.018940286125312955,0.0359978944680206,0.003233945162162133,True
Random-9-seed-42,0;2;3;4;7;8;19;20;22,0.8347434467933528,0.6950524369915837,0.3234649899724898,0.07143228089988242,0.9993573736516,0.022507151265549474,0.042411064752945205,-0.020487046683365095,True
Random-9-seed-43,0;1;3;4;9;11;14;15;20,0.8347629159235821,0.6950815054427827,0.32392200605167965,0.07141819313052539,0.9993692474867049,0.024454064288481625,0.04531790987284401,0.02521456123562027,True
Random-9-seed-44,0;3;5;7;9;12;13;16;17,0.8345904176732106,0.6947608510947645,0.32297195311657706,0.07140523319565678,0.9992872100805262,0.007204239251334954,0.013252475071023895,-0.06979073227463828,True
Random-9-seed-45,0;2;8;9;10;13;15;19;23,0.8346285283447479,0.6948587144970817,0.3230362170187338,0.07144007371433074,0.9992605839048366,0.011015306405059988,0.023038815302744986,-0.06336434205896357,True
Random-9-seed-46,1;2;4;7;12;16;18;20;21,0.8338967874180199,0.693377613349695,0.3226175498322479,0.07141969132694276,0.9981861817344435,-0.06215878626774085,-0.12507129943591933,-0.10523106070755572,True
Runtime-9,0;2;5;7;16;18;19;21;23,0.8346914703940291,0.6949680395147817,0.32398831641802084,0.07147274169819877,0.9992825325091212,0.01730951133318559,0.033971317072745144,0.03184559786973962,True
Sensitivity-9,0;3;9;12;13;14;15;16;20,0.8345395397935149,0.6946725779489789,0.3233106328716238,0.07141541198078315,0.999236476421442,0.0021164512817639647,0.004425160492460556,-0.035922756769962705,True
