block_index,measurement_count_per_precision,int8_median_ms,int8_p95_ms,fp16_median_ms,fp16_p95_ms,net_fp16_benefit_median_ms,net_fp16_benefit_p95_ms
0,192,1.297743,1.3827885,0.8043905,0.8327085,0.4933525000000001,0.55008
1,192,0.799946,0.870282,0.5504645,0.567945,0.24948150000000002,0.30233699999999997
2,192,0.811236,0.8788895,0.55264,0.5673545,0.25859599999999994,0.311535
3,192,0.779705,1.060472,0.573256,0.61865095,0.206449,0.44182105000000005
4,192,0.806786,0.889427,0.563475,0.5820909999999999,0.24331100000000006,0.30733600000000005
5,192,0.811696,0.8957415,0.549134,0.56758345,0.26256199999999996,0.32815805
6,192,0.804521,0.8867920499999999,0.5677205000000001,0.5814545,0.23680049999999997,0.30533754999999996
7,192,0.807741,0.86306445,0.5518395,0.5776564499999999,0.2559015,0.2854080000000001
8,192,0.8010155,0.8721924999999999,0.561035,0.5850044999999999,0.23998050000000004,0.287188
9,192,0.7746945,0.87909295,0.5689550000000001,0.7606865,0.20573949999999985,0.11840644999999994
10,192,0.7651239999999999,0.8249799999999999,0.5635654999999999,0.58206,0.20155849999999997,0.2429199999999999
11,192,0.7352879999999999,0.79188845,0.5502395,0.5845714999999999,0.18504849999999995,0.20731695000000006
12,192,0.8148865000000001,0.89014145,0.5640499999999999,0.6549,0.25083650000000013,0.23524144999999996
13,192,0.7443885,0.7982589999999999,0.54818,0.569376,0.1962085,0.22888299999999995
14,192,0.8050815,0.8922725,0.55434,0.5758719999999999,0.25074149999999995,0.3164005000000001
15,192,0.7515735,0.8175544499999998,0.54701,0.572812,0.2045635,0.24474244999999983
16,192,0.8244315,0.9326924999999999,0.5734455,0.65283295,0.25098599999999993,0.27985954999999996
17,192,0.7696594999999999,0.825424,0.568191,0.5854235,0.20146849999999994,0.24000050000000006
18,192,0.8383925,0.9086775,0.583091,0.6162555,0.25530149999999996,0.29242200000000007
19,192,0.8152065,0.87871345,0.55515,0.58960445,0.2600564999999999,0.28910900000000006
20,192,0.803366,0.85787805,0.564086,0.5826330000000001,0.23928000000000005,0.2752450499999999
21,192,0.871884,0.92092045,0.585376,0.6289345,0.286508,0.29198595000000005
22,192,0.7882505,0.8437205,0.5634255,0.64828,0.22482499999999994,0.19544050000000002
23,192,0.820037,0.87584045,0.55278,0.5741680499999999,0.26725699999999997,0.30167240000000006
