block_index,miou,water_iou,boundary_water_iou_corrected,loss,miou_gain_vs_all_int8_pp,water_iou_gain_vs_all_int8_pp,prediction_agreement_vs_fp32
0,0.8346579285300741,0.6948789732495887,0.3230292425045287,0.07145648741417296,0.06854351659741909,0.1356995954367224,0.9991540792020783
1,0.8339204160904029,0.6934053343436603,0.32191738575314416,0.07138999929452156,-0.005207727369704873,-0.011664295156121884,0.9980447751527407
2,0.8336729878142144,0.6929601240989142,0.32279035072036694,0.07147356417979875,-0.029950554988555922,-0.05618531963073048,0.9981091817128547
3,0.834104727544899,0.6937724862175731,0.3230931452197211,0.07139438145401131,0.013223418079899574,0.025050892235167765,0.9981412050863192
4,0.8338357888937074,0.6932693579504768,0.32269531972621324,0.07149803882150756,-0.013670447039260125,-0.02526193447446312,0.9980559293614755
5,0.8337091479803433,0.693032951393957,0.3230167759679095,0.07139756994836147,-0.0263345383756608,-0.048902590126442824,0.9980480134714056
6,0.8339740854285267,0.6935191014516556,0.32291261896391144,0.07136708827737986,0.0001592064426736428,-0.0002875843565841585,0.9980735602075402
7,0.8338546115720586,0.6933064563941425,0.3228966559257489,0.07140452843099221,-0.011788179204130778,-0.021552090107901378,0.9980501723505156
8,0.8339422276537554,0.6934695366654505,0.32294833295308095,0.0714646120657526,-0.0030265710344590246,-0.005244062977094455,0.9980807564712402
9,0.8340605697868765,0.6936811181665572,0.3226842971944518,0.0714503843787352,0.00880764227765285,0.015914087133572785,0.9980476536582207
10,0.8339812640135593,0.6935347757265565,0.32292938637064444,0.0714062715435545,0.0008770649459366453,0.0012798431335059313,0.9980732003943552
11,0.8340403631296955,0.6936375831576642,0.32261476688891216,0.071415093931361,0.006786976559558511,0.011560586244274695,0.9980624059988055
12,0.8340450091655911,0.693656672170177,0.3228972654274543,0.07142360535217189,0.007251580149114645,0.013469487495554322,0.9980775181525752
13,0.8341496644733006,0.6938463643828118,0.32236976002664314,0.07142147552380426,0.017717110920068002,0.03243870875903054,0.9980530508559956
14,0.8340939421738605,0.6937438704527312,0.3226823070850602,0.07144396556462779,0.012144880976050487,0.022189315750975602,0.9980436957131857
15,0.8340719834812813,0.6937118103055175,0.3229914010784879,0.07141808991488426,0.009949011718135559,0.01898330102960699,0.9980573686142155
16,0.8340892402128692,0.6937327785989307,0.32262421670696206,0.07143927998871351,0.011674684876927799,0.021080130370920713,0.9980393779549658
17,0.8339334716672776,0.6934450085991779,0.3223264332093901,0.07141105869976909,-0.0039021696822350016,-0.007696869604356671,0.9980386583285958
18,0.8340308400567307,0.6936350287741571,0.322690738908055,0.07148664026289661,0.005834669263071746,0.011305147893558853,0.9980692424493203
19,0.8339760372017928,0.6935283036940072,0.32279624388830314,0.07145516835796117,0.0003543837692854268,0.0006326398785727605,0.9980537704823655
20,0.8340897810511783,0.6937427889986912,0.3226203286047709,0.07144230943719972,0.011728768707830461,0.022081170346976986,0.9980552097351055
21,0.8339999287777369,0.6935731780180887,0.32209101560091263,0.07145089700452575,0.002743541363692259,0.005120072286723953,0.9980552097351055
22,0.834029369411475,0.6936292282924471,0.3225310164516686,0.07146331292725633,0.005687604737503182,0.010725099722563858,0.9980602471196954
23,0.8340349192736807,0.6936404058830236,0.322449269017567,0.07144443729172405,0.006242590958072114,0.011842858780208854,0.9980537704823655
